id_ocorrencia,id_interrupcao_raw,id_conjunto_eletrico,cod_ibge_municipio,dth_inicio,dth_fim,canal_atendimento_raw,causa_raw,min_preparo,min_deslocamento,min_execucao,num_veiculo,nom_agente,num_cnpj_agente,causa_natureza,causa_programacao,causa_origem,causa_especifica,causa_programacao_norm,canal_atendimento_norm,uf_municipio
19271182,18189057,14163,2606200,2025-01-02 08:55:28,2025-01-02 10:34:46,INFORMAÇÃO OU RECLAMAÇÃO DO CONSUMIDOR OU DE TERCE,INTERNA;NAO PROGRAMADA;MEIO AMBIENTE;QUEIMADA OU INCENDIO,11.65,32.55,55.1,06GO5757,COMPANHIA ENERGETICA DE PERNAMBUCO,10835932000108,INTERNA,NAO PROGRAMADA,MEIO AMBIENTE,QUEIMADA OU INCENDIO,NAO PROGRAMADA,RECLAMACAO_OU_INFORMACAO,PE
19275063,18180532,14199,2610608,2025-01-04 18:33:47,2025-01-04 20:26:32,INFORMAÇÃO OU RECLAMAÇÃO DO CONSUMIDOR OU DE TERCE,INTERNA;NAO PROGRAMADA;TERCEIROS;DEFEITO INTERNO NAO AFETANDO OUTRAS UNIDADES CONSU,66.7,26.08,19.97,15CP5793,COMPANHIA ENERGETICA DE PERNAMBUCO,10835932000108,INTERNA,NAO PROGRAMADA,TERCEIROS,DEFEITO INTERNO NAO AFETANDO OUTRAS UNIDADES CONSU,NAO PROGRAMADA,RECLAMACAO_OU_INFORMACAO,PE
19275249,18180806,14153,2600054,2025-01-04 23:01:55,2025-01-05 10:40:45,INFORMAÇÃO OU RECLAMAÇÃO DO CONSUMIDOR OU DE TERCE,INTERNA;NAO PROGRAMADA;PROPRIAS DO SISTEMA;FALHA DE MATERIAL OU EQUIPAMENTO,51.85,5.35,641.63,16PL3567,COMPANHIA ENERGETICA DE PERNAMBUCO,10835932000108,INTERNA,NAO PROGRAMADA,PROPRIAS DO SISTEMA,FALHA DE MATERIAL OU EQUIPAMENTO,NAO PROGRAMADA,RECLAMACAO_OU_INFORMACAO,PE
19277786,18183554,14141,2603207,2025-01-06 17:32:05,2025-01-06 19:26:26,INFORMAÇÃO OU RECLAMAÇÃO DO CONSUMIDOR OU DE TERCE,INTERNA;NAO PROGRAMADA;MEIO AMBIENTE;QUEIMADA OU INCENDIO,8.8,63.15,42.4,14GA5872,COMPANHIA ENERGETICA DE PERNAMBUCO,10835932000108,INTERNA,NAO PROGRAMADA,MEIO AMBIENTE,QUEIMADA OU INCENDIO,NAO PROGRAMADA,RECLAMACAO_OU_INFORMACAO,PE
19278314,18184316,16153,2612455,2025-01-07 07:49:56,2025-01-07 14:19:15,INFORMAÇÃO OU RECLAMAÇÃO DO CONSUMIDOR OU DE TERCE,INTERNA;NAO PROGRAMADA;MEIO AMBIENTE;VENTO,242.18,117.75,29.38,OOOR0113PD,COMPANHIA ENERGETICA DE PERNAMBUCO,10835932000108,INTERNA,NAO PROGRAMADA,MEIO AMBIENTE,VENTO,NAO PROGRAMADA,RECLAMACAO_OU_INFORMACAO,PE
19278545,S/I,14160,2606002,2025-01-07 09:40:43,2025-01-07 13:03:03,INFORMAÇÃO OU RECLAMAÇÃO DO CONSUMIDOR OU DE TERCE,INTERNA;NAO PROGRAMADA;PROPRIAS DO SISTEMA;SUBTENSAO,118.7,22.22,61.42,4C9505,COMPANHIA ENERGETICA DE PERNAMBUCO,10835932000108,INTERNA,NAO PROGRAMADA,PROPRIAS DO SISTEMA,SUBTENSAO,NAO PROGRAMADA,RECLAMACAO_OU_INFORMACAO,PE
19278765,S/I,16747,2606903,2025-01-07 11:23:31,2025-01-07 14:28:30,INFORMAÇÃO OU RECLAMAÇÃO DO CONSUMIDOR OU DE TERCE,INTERNA;NAO PROGRAMADA;NAO CLASSIFICADA,152.3,21.48,11.2,STCAFI2C8408,COMPANHIA ENERGETICA DE PERNAMBUCO,10835932000108,INTERNA,NAO PROGRAMADA,NAO CLASSIFICADA,,NAO PROGRAMADA,RECLAMACAO_OU_INFORMACAO,PE
19279191,18185716,16178,2608800,2025-01-07 14:45:53,2025-01-07 20:15:52,INFORMAÇÃO OU RECLAMAÇÃO DO CONSUMIDOR OU DE TERCE,INTERNA;NAO PROGRAMADA;PROPRIAS DO SISTEMA;FALHA DE MATERIAL OU EQUIPAMENTO,75.53,43.42,211.03,16GA5744,COMPANHIA ENERGETICA DE PERNAMBUCO,10835932000108,INTERNA,NAO PROGRAMADA,PROPRIAS DO SISTEMA,FALHA DE MATERIAL OU EQUIPAMENTO,NAO PROGRAMADA,RECLAMACAO_OU_INFORMACAO,PE
19280788,18191211,16186,2610400,2025-01-08 16:26:34,2025-01-09 10:05:41,INFORMAÇÃO OU RECLAMAÇÃO DO CONSUMIDOR OU DE TERCE,INTERNA;NAO PROGRAMADA;PROPRIAS DO SISTEMA;FALHA DE MATERIAL OU EQUIPAMENTO,1012.0,19.6,27.52,06ORC5806,COMPANHIA ENERGETICA DE PERNAMBUCO,10835932000108,INTERNA,NAO PROGRAMADA,PROPRIAS DO SISTEMA,FALHA DE MATERIAL OU EQUIPAMENTO,NAO PROGRAMADA,RECLAMACAO_OU_INFORMACAO,PE
19282203,18213581,16741,2611606,2025-01-09 13:32:45,2025-01-09 16:10:38,INFORMAÇÃO OU RECLAMAÇÃO DO CONSUMIDOR OU DE TERCE,INTERNA;NAO PROGRAMADA;PROPRIAS DO SISTEMA;FALHA DE MATERIAL OU EQUIPAMENTO,100.57,27.45,29.87,CONCF4B460M,COMPANHIA ENERGETICA DE PERNAMBUCO,10835932000108,INTERNA,NAO PROGRAMADA,PROPRIAS DO SISTEMA,FALHA DE MATERIAL OU EQUIPAMENTO,NAO PROGRAMADA,RECLAMACAO_OU_INFORMACAO,PE
19282601,18258534,14144,2604106,2025-01-09 17:14:27,2025-01-09 19:15:06,INFORMAÇÃO OU RECLAMAÇÃO DO CONSUMIDOR OU DE TERCE,INTERNA;NAO PROGRAMADA;MEIO AMBIENTE;VENTO,32.4,20.52,67.73,14CR5821,COMPANHIA ENERGETICA DE PERNAMBUCO,10835932000108,INTERNA,NAO PROGRAMADA,MEIO AMBIENTE,VENTO,NAO PROGRAMADA,RECLAMACAO_OU_INFORMACAO,PE
19283801,18222682,14182,2608909,2025-01-10 11:40:44,2025-01-10 13:32:21,INFORMAÇÃO OU RECLAMAÇÃO DO CONSUMIDOR OU DE TERCE,INTERNA;NAO PROGRAMADA;PROPRIAS DO SISTEMA;FALHA DE MATERIAL OU EQUIPAMENTO,58.52,22.73,30.37,08CP5809,COMPANHIA ENERGETICA DE PERNAMBUCO,10835932000108,INTERNA,NAO PROGRAMADA,PROPRIAS DO SISTEMA,FALHA DE MATERIAL OU EQUIPAMENTO,NAO PROGRAMADA,RECLAMACAO_OU_INFORMACAO,PE
19284117,S/I,14202,2611101,2025-01-10 14:17:39,2025-01-10 22:54:02,INFORMAÇÃO OU RECLAMAÇÃO DO CONSUMIDOR OU DE TERCE,INTERNA;NAO PROGRAMADA;NAO CLASSIFICADA,484.25,15.15,16.98,16PTL5854,COMPANHIA ENERGETICA DE PERNAMBUCO,10835932000108,INTERNA,NAO PROGRAMADA,NAO CLASSIFICADA,,NAO PROGRAMADA,RECLAMACAO_OU_INFORMACAO,PE
19284166,S/I,16170,2611606,2025-01-10 14:39:54,2025-01-10 15:51:09,INFORMAÇÃO OU RECLAMAÇÃO DO CONSUMIDOR OU DE TERCE,INTERNA;NAO PROGRAMADA;NAO CLASSIFICADA,37.48,11.33,22.43,CONBVG4B440N,COMPANHIA ENERGETICA DE PERNAMBUCO,10835932000108,INTERNA,NAO PROGRAMADA,NAO CLASSIFICADA,,NAO PROGRAMADA,RECLAMACAO_OU_INFORMACAO,PE
19284556,18192821,14153,2600054,2025-01-10 17:51:16,2025-01-10 20:58:18,INFORMAÇÃO OU RECLAMAÇÃO DO CONSUMIDOR OU DE TERCE,INTERNA;NAO PROGRAMADA;PROPRIAS DO SISTEMA;SOBRECARGA,56.73,42.33,87.97,16PL3567,COMPANHIA ENERGETICA DE PERNAMBUCO,10835932000108,INTERNA,NAO PROGRAMADA,PROPRIAS DO SISTEMA,SOBRECARGA,NAO PROGRAMADA,RECLAMACAO_OU_INFORMACAO,PE
19286212,S/I,14184,2611101,2025-01-11 10:58:56,2025-01-11 16:35:28,INFORMAÇÃO OU RECLAMAÇÃO DO CONSUMIDOR OU DE TERCE,INTERNA;NAO PROGRAMADA;MEIO AMBIENTE;EROSAO,298.17,27.83,10.53,STCPTL2CK40D,COMPANHIA ENERGETICA DE PERNAMBUCO,10835932000108,INTERNA,NAO PROGRAMADA,MEIO AMBIENTE,EROSAO,NAO PROGRAMADA,RECLAMACAO_OU_INFORMACAO,PE
19286524,18193910,14219,2609600,2025-01-11 12:58:13,2025-01-11 13:52:40,REGISTRO AUTOMÁTICO DO SISTEMA DE SUPERVISÃO DA DI,INTERNA;NAO PROGRAMADA;TERCEIROS;OBJETO NA REDE,5.38,11.82,37.25,08OL3302,COMPANHIA ENERGETICA DE PERNAMBUCO,10835932000108,INTERNA,NAO PROGRAMADA,TERCEIROS,OBJETO NA REDE,NAO PROGRAMADA,SISTEMA_SUPERVISAO_AUTOMATICO,PE
19286965,S/I,16175,2600807,2025-01-11 16:02:44,2025-01-12 11:07:18,INFORMAÇÃO OU RECLAMAÇÃO DO CONSUMIDOR OU DE TERCE,INTERNA;NAO PROGRAMADA;NAO CLASSIFICADA,1089.17,35.73,19.67,STCCRR2CR01Q,COMPANHIA ENERGETICA DE PERNAMBUCO,10835932000108,INTERNA,NAO PROGRAMADA,NAO CLASSIFICADA,,NAO PROGRAMADA,RECLAMACAO_OU_INFORMACAO,PE
19295400,18201545,16169,2606408,2025-01-14 00:32:00,2025-01-14 05:56:27,INFORMAÇÃO OU RECLAMAÇÃO DO CONSUMIDOR OU DE TERCE,INTERNA;NAO PROGRAMADA;PROPRIAS DO SISTEMA;FALHA DE MATERIAL OU EQUIPAMENTO,272.57,24.13,27.75,22VT0010,COMPANHIA ENERGETICA DE PERNAMBUCO,10835932000108,INTERNA,NAO PROGRAMADA,PROPRIAS DO SISTEMA,FALHA DE MATERIAL OU EQUIPAMENTO,NAO PROGRAMADA,RECLAMACAO_OU_INFORMACAO,PE
19295661,S/I,14145,2602100,2025-01-14 06:46:40,2025-01-14 11:15:20,INFORMAÇÃO OU RECLAMAÇÃO DO CONSUMIDOR OU DE TERCE,INTERNA;NAO PROGRAMADA;MEIO AMBIENTE;ARVORE OU VEGETACAO,175.6,85.75,7.32,4C9504,COMPANHIA ENERGETICA DE PERNAMBUCO,10835932000108,INTERNA,NAO PROGRAMADA,MEIO AMBIENTE,ARVORE OU VEGETACAO,NAO PROGRAMADA,RECLAMACAO_OU_INFORMACAO,PE
19297936,18206353,14198,2610707,2025-01-14 15:40:19,2025-01-14 23:43:23,INFORMAÇÃO OU RECLAMAÇÃO DO CONSUMIDOR OU DE TERCE,INTERNA;NAO PROGRAMADA;PROPRIAS DO SISTEMA;FALHA DE MATERIAL OU EQUIPAMENTO,410.92,39.78,32.37,16PL3567,COMPANHIA ENERGETICA DE PERNAMBUCO,10835932000108,INTERNA,NAO PROGRAMADA,PROPRIAS DO SISTEMA,FALHA DE MATERIAL OU EQUIPAMENTO,NAO PROGRAMADA,RECLAMACAO_OU_INFORMACAO,PE
19299521,18213236,14198,2610707,2025-01-15 08:17:27,2025-01-15 11:10:42,INFORMAÇÃO OU RECLAMAÇÃO DO CONSUMIDOR OU DE TERCE,INTERNA;NAO PROGRAMADA;PROPRIAS DO SISTEMA;FALHA DE MATERIAL OU EQUIPAMENTO,59.5,90.72,23.03,CONPLT4BH40N,COMPANHIA ENERGETICA DE PERNAMBUCO,10835932000108,INTERNA,NAO PROGRAMADA,PROPRIAS DO SISTEMA,FALHA DE MATERIAL OU EQUIPAMENTO,NAO PROGRAMADA,RECLAMACAO_OU_INFORMACAO,PE
19301249,S/I,16168,2615409,2025-01-15 16:43:00,2025-01-16 08:47:42,INFORMAÇÃO OU RECLAMAÇÃO DO CONSUMIDOR OU DE TERCE,INTERNA;NAO PROGRAMADA;PROPRIAS DO SISTEMA;SOBRECARGA,947.18,11.62,5.9,06SC3798,COMPANHIA ENERGETICA DE PERNAMBUCO,10835932000108,INTERNA,NAO PROGRAMADA,PROPRIAS DO SISTEMA,SOBRECARGA,NAO PROGRAMADA,RECLAMACAO_OU_INFORMACAO,PE
19301900,18209051,14219,2609600,2025-01-16 00:13:44,2025-01-16 03:37:57,INFORMAÇÃO OU RECLAMAÇÃO DO CONSUMIDOR OU DE TERCE,INTERNA;NAO PROGRAMADA;PROPRIAS DO SISTEMA;FALHA DE MATERIAL OU EQUIPAMENTO,57.92,5.98,140.32,22OL3303,COMPANHIA ENERGETICA DE PERNAMBUCO,10835932000108,INTERNA,NAO PROGRAMADA,PROPRIAS DO SISTEMA,FALHA DE MATERIAL OU EQUIPAMENTO,NAO PROGRAMADA,RECLAMACAO_OU_INFORMACAO,PE
19304536,18212538,14218,2611606,2025-01-17 00:55:29,2025-01-17 11:03:54,INFORMAÇÃO OU RECLAMAÇÃO DO CONSUMIDOR OU DE TERCE,INTERNA;NAO PROGRAMADA;MEIO AMBIENTE;QUEIMADA OU INCENDIO,430.85,35.92,141.65,08CF0029,COMPANHIA ENERGETICA DE PERNAMBUCO,10835932000108,INTERNA,NAO PROGRAMADA,MEIO AMBIENTE,QUEIMADA OU INCENDIO,NAO PROGRAMADA,RECLAMACAO_OU_INFORMACAO,PE
19304875,18212414,16178,2608800,2025-01-17 08:40:43,2025-01-17 12:23:37,INFORMAÇÃO OU RECLAMAÇÃO DO CONSUMIDOR OU DE TERCE,INTERNA;NAO PROGRAMADA;PROPRIAS DO SISTEMA;NAO IDENTIFICADA,84.18,15.1,123.62,07GA5871,COMPANHIA ENERGETICA DE PERNAMBUCO,10835932000108,INTERNA,NAO PROGRAMADA,PROPRIAS DO SISTEMA,NAO IDENTIFICADA,NAO PROGRAMADA,RECLAMACAO_OU_INFORMACAO,PE
19305544,S/I,14176,2606804,2025-01-17 13:06:06,2025-01-17 14:29:11,INFORMAÇÃO OU RECLAMAÇÃO DO CONSUMIDOR OU DE TERCE,INTERNA;NAO PROGRAMADA;PROPRIAS DO SISTEMA;SUBTENSAO,42.42,18.05,22.62,08GO3495,COMPANHIA ENERGETICA DE PERNAMBUCO,10835932000108,INTERNA,NAO PROGRAMADA,PROPRIAS DO SISTEMA,SUBTENSAO,NAO PROGRAMADA,RECLAMACAO_OU_INFORMACAO,PE
19306973,18215499,16178,2608305,2025-01-18 12:28:57,2025-01-18 20:08:55,INFORMAÇÃO OU RECLAMAÇÃO DO CONSUMIDOR OU DE TERCE,INTERNA;NAO PROGRAMADA;MEIO AMBIENTE;QUEIMADA OU INCENDIO,306.38,52.15,101.43,16GA5814,COMPANHIA ENERGETICA DE PERNAMBUCO,10835932000108,INTERNA,NAO PROGRAMADA,MEIO AMBIENTE,QUEIMADA OU INCENDIO,NAO PROGRAMADA,RECLAMACAO_OU_INFORMACAO,PE
19310119,18222385,14198,2610707,2025-01-20 13:02:02,2025-01-20 15:23:21,INFORMAÇÃO OU RECLAMAÇÃO DO CONSUMIDOR OU DE TERCE,INTERNA;NAO PROGRAMADA;TERCEIROS;DEFEITO INTERNO NAO AFETANDO OUTRAS UNIDADES CONSU,80.37,25.58,35.37,CONPLT4BH40N,COMPANHIA ENERGETICA DE PERNAMBUCO,10835932000108,INTERNA,NAO PROGRAMADA,TERCEIROS,DEFEITO INTERNO NAO AFETANDO OUTRAS UNIDADES CONSU,NAO PROGRAMADA,RECLAMACAO_OU_INFORMACAO,PE
19310156,S/I,16171,2607901,2025-01-20 13:25:32,2025-01-20 17:06:22,INFORMAÇÃO OU RECLAMAÇÃO DO CONSUMIDOR OU DE TERCE,INTERNA;NAO PROGRAMADA;PROPRIAS DO SISTEMA;SUBTENSAO,171.88,19.95,29.0,DIN0086,COMPANHIA ENERGETICA DE PERNAMBUCO,10835932000108,INTERNA,NAO PROGRAMADA,PROPRIAS DO SISTEMA,SUBTENSAO,NAO PROGRAMADA,RECLAMACAO_OU_INFORMACAO,PE
19310222,18220523,16181,2612406,2025-01-20 13:56:48,2025-01-20 17:25:06,INFORMAÇÃO OU RECLAMAÇÃO DO CONSUMIDOR OU DE TERCE,INTERNA;NAO PROGRAMADA;MEIO AMBIENTE;VENTO,122.13,73.58,12.58,10BJ3904,COMPANHIA ENERGETICA DE PERNAMBUCO,10835932000108,INTERNA,NAO PROGRAMADA,MEIO AMBIENTE,VENTO,NAO PROGRAMADA,RECLAMACAO_OU_INFORMACAO,PE
19314356,S/I,14199,2610608,2025-01-22 09:19:43,2025-01-23 09:56:33,INFORMAÇÃO OU RECLAMAÇÃO DO CONSUMIDOR OU DE TERCE,INTERNA;NAO PROGRAMADA;MEIO AMBIENTE;ARVORE OU VEGETACAO,1431.12,24.73,20.98,06CP5826,COMPANHIA ENERGETICA DE PERNAMBUCO,10835932000108,INTERNA,NAO PROGRAMADA,MEIO AMBIENTE,ARVORE OU VEGETACAO,NAO PROGRAMADA,RECLAMACAO_OU_INFORMACAO,PE
19314522,18231013,14223,2602506,2025-01-22 10:01:48,2025-01-22 12:55:01,INFORMAÇÃO OU RECLAMAÇÃO DO CONSUMIDOR OU DE TERCE,INTERNA;NAO PROGRAMADA;MEIO AMBIENTE;VENTO,107.5,40.08,25.63,06AFI0095,COMPANHIA ENERGETICA DE PERNAMBUCO,10835932000108,INTERNA,NAO PROGRAMADA,MEIO AMBIENTE,VENTO,NAO PROGRAMADA,RECLAMACAO_OU_INFORMACAO,PE
19318779,18238344,14157,2605301,2025-01-24 12:06:48,2025-01-27 17:06:02,INFORMAÇÃO OU RECLAMAÇÃO DO CONSUMIDOR OU DE TERCE,INTERNA;NAO PROGRAMADA;MEIO AMBIENTE;VENTO,4516.7,48.7,53.83,STCORC2OR010,COMPANHIA ENERGETICA DE PERNAMBUCO,10835932000108,INTERNA,NAO PROGRAMADA,MEIO AMBIENTE,VENTO,NAO PROGRAMADA,RECLAMACAO_OU_INFORMACAO,PE
19318884,18253648,16149,2616100,2025-01-24 13:13:21,2025-01-25 09:28:36,INFORMAÇÃO OU RECLAMAÇÃO DO CONSUMIDOR OU DE TERCE,INTERNA;NAO PROGRAMADA;MEIO AMBIENTE;VENTO,1003.37,85.58,126.3,06SRT0086,COMPANHIA ENERGETICA DE PERNAMBUCO,10835932000108,INTERNA,NAO PROGRAMADA,MEIO AMBIENTE,VENTO,NAO PROGRAMADA,RECLAMACAO_OU_INFORMACAO,PE
19318990,18234953,14143,2603504,2025-01-24 14:28:17,2025-01-24 23:09:42,INFORMAÇÃO OU RECLAMAÇÃO DO CONSUMIDOR OU DE TERCE,INTERNA;NAO PROGRAMADA;TERCEIROS;INTERFERENCIA DE TERCEIROS,451.53,8.88,61.0,16PM0068,COMPANHIA ENERGETICA DE PERNAMBUCO,10835932000108,INTERNA,NAO PROGRAMADA,TERCEIROS,INTERFERENCIA DE TERCEIROS,NAO PROGRAMADA,RECLAMACAO_OU_INFORMACAO,PE
19319165,S/I,14148,2604106,2025-01-24 15:53:12,2025-01-25 12:38:20,INFORMAÇÃO OU RECLAMAÇÃO DO CONSUMIDOR OU DE TERCE,INTERNA;NAO PROGRAMADA;TERCEIROS;INTERFERENCIA DE TERCEIROS,1178.83,22.15,44.15,08CR3346,COMPANHIA ENERGETICA DE PERNAMBUCO,10835932000108,INTERNA,NAO PROGRAMADA,TERCEIROS,INTERFERENCIA DE TERCEIROS,NAO PROGRAMADA,RECLAMACAO_OU_INFORMACAO,PE
19319959,18231819,14148,2604106,2025-01-25 08:15:17,2025-01-25 15:50:34,INFORMAÇÃO OU RECLAMAÇÃO DO CONSUMIDOR OU DE TERCE,INTERNA;NAO PROGRAMADA;PROPRIAS DO SISTEMA;FALHA DE MATERIAL OU EQUIPAMENTO,434.92,13.55,6.82,14CR0073,COMPANHIA ENERGETICA DE PERNAMBUCO,10835932000108,INTERNA,NAO PROGRAMADA,PROPRIAS DO SISTEMA,FALHA DE MATERIAL OU EQUIPAMENTO,NAO PROGRAMADA,RECLAMACAO_OU_INFORMACAO,PE
19320797,18234005,16738,2602902,2025-01-25 17:07:47,2025-01-26 01:43:43,INFORMAÇÃO OU RECLAMAÇÃO DO CONSUMIDOR OU DE TERCE,INTERNA;NAO PROGRAMADA;TERCEIROS;DEFEITO INTERNO NAO AFETANDO OUTRAS UNIDADES CONSU,456.07,10.8,49.07,22CB0103,COMPANHIA ENERGETICA DE PERNAMBUCO,10835932000108,INTERNA,NAO PROGRAMADA,TERCEIROS,DEFEITO INTERNO NAO AFETANDO OUTRAS UNIDADES CONSU,NAO PROGRAMADA,RECLAMACAO_OU_INFORMACAO,PE
19323177,18238364,14123,2613404,2025-01-26 22:22:33,2025-01-27 12:11:47,INFORMAÇÃO OU RECLAMAÇÃO DO CONSUMIDOR OU DE TERCE,INTERNA;NAO PROGRAMADA;PROPRIAS DO SISTEMA;FALHA DE MATERIAL OU EQUIPAMENTO,800.97,7.82,20.45,STCRBR2CB019,COMPANHIA ENERGETICA DE PERNAMBUCO,10835932000108,INTERNA,NAO PROGRAMADA,PROPRIAS DO SISTEMA,FALHA DE MATERIAL OU EQUIPAMENTO,NAO PROGRAMADA,RECLAMACAO_OU_INFORMACAO,PE
19324500,18260937,16744,2607901,2025-01-27 10:39:28,2025-01-27 17:21:43,INFORMAÇÃO OU RECLAMAÇÃO DO CONSUMIDOR OU DE TERCE,INTERNA;NAO PROGRAMADA;PROPRIAS DO SISTEMA;SUBTENSAO,314.0,42.28,45.97,14JB5781,COMPANHIA ENERGETICA DE PERNAMBUCO,10835932000108,INTERNA,NAO PROGRAMADA,PROPRIAS DO SISTEMA,SUBTENSAO,NAO PROGRAMADA,RECLAMACAO_OU_INFORMACAO,PE
19325803,18246564,14229,2603454,2025-01-27 17:13:55,2025-01-27 21:33:57,INFORMAÇÃO OU RECLAMAÇÃO DO CONSUMIDOR OU DE TERCE,INTERNA;NAO PROGRAMADA;PROPRIAS DO SISTEMA;FALHA DE MATERIAL OU EQUIPAMENTO,204.98,39.18,15.87,14CG3497,COMPANHIA ENERGETICA DE PERNAMBUCO,10835932000108,INTERNA,NAO PROGRAMADA,PROPRIAS DO SISTEMA,FALHA DE MATERIAL OU EQUIPAMENTO,NAO PROGRAMADA,RECLAMACAO_OU_INFORMACAO,PE
19328313,S/I,14166,2606606,2025-01-28 11:26:35,2025-01-28 16:38:07,INFORMAÇÃO OU RECLAMAÇÃO DO CONSUMIDOR OU DE TERCE,INTERNA;NAO PROGRAMADA;NAO CLASSIFICADA,301.2,7.28,3.05,STCACV2AC01Q,COMPANHIA ENERGETICA DE PERNAMBUCO,10835932000108,INTERNA,NAO PROGRAMADA,NAO CLASSIFICADA,,NAO PROGRAMADA,RECLAMACAO_OU_INFORMACAO,PE
19328336,18241347,16741,2607901,2025-01-28 11:33:53,2025-01-29 00:15:17,INFORMAÇÃO OU RECLAMAÇÃO DO CONSUMIDOR OU DE TERCE,INTERNA;NAO PROGRAMADA;PROPRIAS DO SISTEMA;FALHA DE MATERIAL OU EQUIPAMENTO,651.78,107.22,2.4,22JB3342,COMPANHIA ENERGETICA DE PERNAMBUCO,10835932000108,INTERNA,NAO PROGRAMADA,PROPRIAS DO SISTEMA,FALHA DE MATERIAL OU EQUIPAMENTO,NAO PROGRAMADA,RECLAMACAO_OU_INFORMACAO,PE
19328886,S/I,16170,2611606,2025-01-28 14:35:52,2025-01-29 08:58:41,INFORMAÇÃO OU RECLAMAÇÃO DO CONSUMIDOR OU DE TERCE,INTERNA;NAO PROGRAMADA;MEIO AMBIENTE;ARVORE OU VEGETACAO,113.97,24.6,964.25,STCVRZ2B8407,COMPANHIA ENERGETICA DE PERNAMBUCO,10835932000108,INTERNA,NAO PROGRAMADA,MEIO AMBIENTE,ARVORE OU VEGETACAO,NAO PROGRAMADA,RECLAMACAO_OU_INFORMACAO,PE
19330008,S/I,16184,2611606,2025-01-29 00:12:16,2025-01-29 10:12:52,INFORMAÇÃO OU RECLAMAÇÃO DO CONSUMIDOR OU DE TERCE,INTERNA;NAO PROGRAMADA;NAO CLASSIFICADA,564.17,29.43,7.0,CONBVG4B440N,COMPANHIA ENERGETICA DE PERNAMBUCO,10835932000108,INTERNA,NAO PROGRAMADA,NAO CLASSIFICADA,,NAO PROGRAMADA,RECLAMACAO_OU_INFORMACAO,PE
19331361,18243028,14153,2606804,2025-01-29 13:00:36,2025-01-29 15:41:31,INFORMAÇÃO OU RECLAMAÇÃO DO CONSUMIDOR OU DE TERCE,INTERNA;NAO PROGRAMADA;MEIO AMBIENTE;ARVORE OU VEGETACAO,91.13333,25.76667,44.01667,08GO3495,COMPANHIA ENERGETICA DE PERNAMBUCO,10835932000108,INTERNA,NAO PROGRAMADA,MEIO AMBIENTE,ARVORE OU VEGETACAO,NAO PROGRAMADA,RECLAMACAO_OU_INFORMACAO,PE
19332433,18244146,16184,2611606,2025-01-29 19:07:38,2025-01-29 22:28:10,INFORMAÇÃO OU RECLAMAÇÃO DO CONSUMIDOR OU DE TERCE,INTERNA;NAO PROGRAMADA;MEIO AMBIENTE;QUEIMADA OU INCENDIO,102.0,19.32,79.22,16CF0141,COMPANHIA ENERGETICA DE PERNAMBUCO,10835932000108,INTERNA,NAO PROGRAMADA,MEIO AMBIENTE,QUEIMADA OU INCENDIO,NAO PROGRAMADA,RECLAMACAO_OU_INFORMACAO,PE
19332727,S/I,16154,2611606,2025-01-30 00:23:54,2025-01-30 02:40:26,INFORMAÇÃO OU RECLAMAÇÃO DO CONSUMIDOR OU DE TERCE,INTERNA;NAO PROGRAMADA;MEIO AMBIENTE;QUEIMADA OU INCENDIO,98.75,8.85,28.93,22CF3376,COMPANHIA ENERGETICA DE PERNAMBUCO,10835932000108,INTERNA,NAO PROGRAMADA,MEIO AMBIENTE,QUEIMADA OU INCENDIO,NAO PROGRAMADA,RECLAMACAO_OU_INFORMACAO,PE
19332924,18246199,14119,2601102,2025-01-30 07:09:11,2025-01-30 13:36:46,INFORMAÇÃO OU RECLAMAÇÃO DO CONSUMIDOR OU DE TERCE,INTERNA;NAO PROGRAMADA;MEIO AMBIENTE;VENTO,307.6,18.73333,61.25,06ARR5833,COMPANHIA ENERGETICA DE PERNAMBUCO,10835932000108,INTERNA,NAO PROGRAMADA,MEIO AMBIENTE,VENTO,NAO PROGRAMADA,RECLAMACAO_OU_INFORMACAO,PE
19333457,18246459,16181,2610905,2025-01-30 09:48:20,2025-01-30 16:14:20,INFORMAÇÃO OU RECLAMAÇÃO DO CONSUMIDOR OU DE TERCE,INTERNA;NAO PROGRAMADA;TERCEIROS;OBJETO NA REDE,299.67,55.88,30.45,4C8413,COMPANHIA ENERGETICA DE PERNAMBUCO,10835932000108,INTERNA,NAO PROGRAMADA,TERCEIROS,OBJETO NA REDE,NAO PROGRAMADA,RECLAMACAO_OU_INFORMACAO,PE
19333685,18246011,14179,2604502,2025-01-30 10:50:18,2025-01-30 15:00:09,INFORMAÇÃO OU RECLAMAÇÃO DO CONSUMIDOR OU DE TERCE,INTERNA;NAO PROGRAMADA;MEIO AMBIENTE;ARVORE OU VEGETACAO,31.33333,24.53333,193.98333,06VT0013,COMPANHIA ENERGETICA DE PERNAMBUCO,10835932000108,INTERNA,NAO PROGRAMADA,MEIO AMBIENTE,ARVORE OU VEGETACAO,NAO PROGRAMADA,RECLAMACAO_OU_INFORMACAO,PE
19333739,18247461,14228,2605806,2025-01-30 11:06:33,2025-01-30 17:30:05,INFORMAÇÃO OU RECLAMAÇÃO DO CONSUMIDOR OU DE TERCE,INTERNA;NAO PROGRAMADA;MEIO AMBIENTE;CORROSAO,260.9,57.35,65.28,14SR5767,COMPANHIA ENERGETICA DE PERNAMBUCO,10835932000108,INTERNA,NAO PROGRAMADA,MEIO AMBIENTE,CORROSAO,NAO PROGRAMADA,RECLAMACAO_OU_INFORMACAO,PE
19334287,18247958,16150,2604304,2025-01-30 14:46:12,2025-01-31 02:25:13,INFORMAÇÃO OU RECLAMAÇÃO DO CONSUMIDOR OU DE TERCE,INTERNA;NAO PROGRAMADA;NAO CLASSIFICADA,590.63,92.48,15.9,22SRT5787,COMPANHIA ENERGETICA DE PERNAMBUCO,10835932000108,INTERNA,NAO PROGRAMADA,NAO CLASSIFICADA,,NAO PROGRAMADA,RECLAMACAO_OU_INFORMACAO,PE
19335166,18254743,16169,2606408,2025-01-30 21:05:44,2025-01-31 10:44:28,INFORMAÇÃO OU RECLAMAÇÃO DO CONSUMIDOR OU DE TERCE,INTERNA;NAO PROGRAMADA;PROPRIAS DO SISTEMA;SOBRECARGA,782.08,12.67,23.98,STCVSA2VT00C,COMPANHIA ENERGETICA DE PERNAMBUCO,10835932000108,INTERNA,NAO PROGRAMADA,PROPRIAS DO SISTEMA,SOBRECARGA,NAO PROGRAMADA,RECLAMACAO_OU_INFORMACAO,PE
19336793,S/I,14119,2601102,2025-01-31 16:49:39,2025-01-31 18:16:18,INFORMAÇÃO OU RECLAMAÇÃO DO CONSUMIDOR OU DE TERCE,INTERNA;NAO PROGRAMADA;NAO CLASSIFICADA,68.7,4.63,13.32,STCAPN2OR006,COMPANHIA ENERGETICA DE PERNAMBUCO,10835932000108,INTERNA,NAO PROGRAMADA,NAO CLASSIFICADA,,NAO PROGRAMADA,RECLAMACAO_OU_INFORMACAO,PE
19336962,18250906,14157,2605301,2025-01-31 18:18:17,2025-02-01 11:55:14,INFORMAÇÃO OU RECLAMAÇÃO DO CONSUMIDOR OU DE TERCE,INTERNA;NAO PROGRAMADA;MEIO AMBIENTE;DESCARGA ATMOSFERICA,952.31667,33.2,71.43333,08ORC0081,COMPANHIA ENERGETICA DE PERNAMBUCO,10835932000108,INTERNA,NAO PROGRAMADA,MEIO AMBIENTE,DESCARGA ATMOSFERICA,NAO PROGRAMADA,RECLAMACAO_OU_INFORMACAO,PE
19339192,18257587,16743,2611606,2025-02-02 06:44:58,2025-02-02 08:57:25,INFORMAÇÃO OU RECLAMAÇÃO DO CONSUMIDOR OU DE TERCE,INTERNA;NAO PROGRAMADA;PROPRIAS DO SISTEMA;FALHA DE MATERIAL OU EQUIPAMENTO,89.75,26.93,15.77,06BI0001,COMPANHIA ENERGETICA DE PERNAMBUCO,10835932000108,INTERNA,NAO PROGRAMADA,PROPRIAS DO SISTEMA,FALHA DE MATERIAL OU EQUIPAMENTO,NAO PROGRAMADA,RECLAMACAO_OU_INFORMACAO,PE
19339928,18253410,14119,2601102,2025-02-02 16:45:47,2025-02-02 20:21:51,INFORMAÇÃO OU RECLAMAÇÃO DO CONSUMIDOR OU DE TERCE,INTERNA;NAO PROGRAMADA;MEIO AMBIENTE;VENTO,102.03,86.95,27.08,14ARR5804,COMPANHIA ENERGETICA DE PERNAMBUCO,10835932000108,INTERNA,NAO PROGRAMADA,MEIO AMBIENTE,VENTO,NAO PROGRAMADA,RECLAMACAO_OU_INFORMACAO,PE
19342581,18260486,14129,2611606,2025-02-04 06:19:26,2025-02-06 14:26:12,INFORMAÇÃO OU RECLAMAÇÃO DO CONSUMIDOR OU DE TERCE,INTERNA;NAO PROGRAMADA;MEIO AMBIENTE;ARVORE OU VEGETACAO,146.95,44.75,3175.06667,STCBNG2B540G,COMPANHIA ENERGETICA DE PERNAMBUCO,10835932000108,INTERNA,NAO PROGRAMADA,MEIO AMBIENTE,ARVORE OU VEGETACAO,NAO PROGRAMADA,RECLAMACAO_OU_INFORMACAO,PE
19348105,18262944,16745,2611606,2025-02-05 20:40:50,2025-02-06 11:53:40,INFORMAÇÃO OU RECLAMAÇÃO DO CONSUMIDOR OU DE TERCE,INTERNA;NAO PROGRAMADA;PROPRIAS DO SISTEMA;FALHA DE MATERIAL OU EQUIPAMENTO,872.52,29.88,10.43,CONBGI4B4503,COMPANHIA ENERGETICA DE PERNAMBUCO,10835932000108,INTERNA,NAO PROGRAMADA,PROPRIAS DO SISTEMA,FALHA DE MATERIAL OU EQUIPAMENTO,NAO PROGRAMADA,RECLAMACAO_OU_INFORMACAO,PE
19350204,18266236,14143,2602308,2025-02-06 13:00:01,2025-02-07 17:29:02,INFORMAÇÃO OU RECLAMAÇÃO DO CONSUMIDOR OU DE TERCE,INTERNA;NAO PROGRAMADA;MEIO AMBIENTE;ARVORE OU VEGETACAO,210.65,10.0,1488.36667,STCPMR2PL00M,COMPANHIA ENERGETICA DE PERNAMBUCO,10835932000108,INTERNA,NAO PROGRAMADA,MEIO AMBIENTE,ARVORE OU VEGETACAO,NAO PROGRAMADA,RECLAMACAO_OU_INFORMACAO,PE
19352048,S/I,14201,2611101,2025-02-07 08:12:13,2025-02-07 17:22:24,INFORMAÇÃO OU RECLAMAÇÃO DO CONSUMIDOR OU DE TERCE,INTERNA;NAO PROGRAMADA;PROPRIAS DO SISTEMA;SUBTENSAO,523.53,9.5,17.15,14PTL5776,COMPANHIA ENERGETICA DE PERNAMBUCO,10835932000108,INTERNA,NAO PROGRAMADA,PROPRIAS DO SISTEMA,SUBTENSAO,NAO PROGRAMADA,RECLAMACAO_OU_INFORMACAO,PE
19353152,18266907,14212,2609600,2025-02-07 14:09:22,2025-02-07 16:25:11,INFORMAÇÃO OU RECLAMAÇÃO DO CONSUMIDOR OU DE TERCE,INTERNA;NAO PROGRAMADA;PROPRIAS DO SISTEMA;FALHA DE MATERIAL OU EQUIPAMENTO,99.73,5.42,30.67,CONOLI4B5406,COMPANHIA ENERGETICA DE PERNAMBUCO,10835932000108,INTERNA,NAO PROGRAMADA,PROPRIAS DO SISTEMA,FALHA DE MATERIAL OU EQUIPAMENTO,NAO PROGRAMADA,RECLAMACAO_OU_INFORMACAO,PE
19353299,18266726,14179,2611804,2025-02-07 15:08:55,2025-02-07 16:13:09,REGISTRO AUTOMÁTICO DO SISTEMA DE SUPERVISÃO DA DI,INTERNA;NAO PROGRAMADA;PROPRIAS DO SISTEMA;FALHA DE MATERIAL OU EQUIPAMENTO,50.55,13.32,0.37,15RB3551,COMPANHIA ENERGETICA DE PERNAMBUCO,10835932000108,INTERNA,NAO PROGRAMADA,PROPRIAS DO SISTEMA,FALHA DE MATERIAL OU EQUIPAMENTO,NAO PROGRAMADA,SISTEMA_SUPERVISAO_AUTOMATICO,PE
19354779,S/I,14129,2611606,2025-02-08 11:24:00,2025-02-08 16:00:37,INFORMAÇÃO OU RECLAMAÇÃO DO CONSUMIDOR OU DE TERCE,INTERNA;NAO PROGRAMADA;MEIO AMBIENTE;ARVORE OU VEGETACAO,228.83,14.63,33.15,14BI0004,COMPANHIA ENERGETICA DE PERNAMBUCO,10835932000108,INTERNA,NAO PROGRAMADA,MEIO AMBIENTE,ARVORE OU VEGETACAO,NAO PROGRAMADA,RECLAMACAO_OU_INFORMACAO,PE
19354887,S/I,16167,2612208,2025-02-08 12:26:32,2025-02-08 15:27:54,INFORMAÇÃO OU RECLAMAÇÃO DO CONSUMIDOR OU DE TERCE,INTERNA;NAO PROGRAMADA;NAO CLASSIFICADA,100.57,69.2,11.6,14SRT0155,COMPANHIA ENERGETICA DE PERNAMBUCO,10835932000108,INTERNA,NAO PROGRAMADA,NAO CLASSIFICADA,,NAO PROGRAMADA,RECLAMACAO_OU_INFORMACAO,PE
19354926,18270261,14221,2613107,2025-02-08 12:47:47,2025-02-09 10:11:58,INFORMAÇÃO OU RECLAMAÇÃO DO CONSUMIDOR OU DE TERCE,INTERNA;NAO PROGRAMADA;PROPRIAS DO SISTEMA;FALHA DE MATERIAL OU EQUIPAMENTO,1192.53,35.92,55.73,06BJ0018,COMPANHIA ENERGETICA DE PERNAMBUCO,10835932000108,INTERNA,NAO PROGRAMADA,PROPRIAS DO SISTEMA,FALHA DE MATERIAL OU EQUIPAMENTO,NAO PROGRAMADA,RECLAMACAO_OU_INFORMACAO,PE
19356160,18273107,14165,2613206,2025-02-09 10:34:06,2025-02-09 15:11:30,INFORMAÇÃO OU RECLAMAÇÃO DO CONSUMIDOR OU DE TERCE,INTERNA;NAO PROGRAMADA;TERCEIROS;DEFEITO INTERNO NAO AFETANDO OUTRAS UNIDADES CONSU,218.32,51.27,7.82,14GA5872,COMPANHIA ENERGETICA DE PERNAMBUCO,10835932000108,INTERNA,NAO PROGRAMADA,TERCEIROS,DEFEITO INTERNO NAO AFETANDO OUTRAS UNIDADES CONSU,NAO PROGRAMADA,RECLAMACAO_OU_INFORMACAO,PE
19358686,S/I,14219,2609600,2025-02-10 19:18:26,2025-02-10 20:37:12,INFORMAÇÃO OU RECLAMAÇÃO DO CONSUMIDOR OU DE TERCE,INTERNA;NAO PROGRAMADA;TERCEIROS;INTERFERENCIA DE TERCEIROS,25.1,25.08,28.58,16OL3321,COMPANHIA ENERGETICA DE PERNAMBUCO,10835932000108,INTERNA,NAO PROGRAMADA,TERCEIROS,INTERFERENCIA DE TERCEIROS,NAO PROGRAMADA,RECLAMACAO_OU_INFORMACAO,PE
19360207,S/I,14191,2607653,2025-02-11 15:10:46,2025-02-11 17:46:30,INFORMAÇÃO OU RECLAMAÇÃO DO CONSUMIDOR OU DE TERCE,INTERNA;NAO PROGRAMADA;NAO CLASSIFICADA,137.37,14.37,4.0,15GO0012,COMPANHIA ENERGETICA DE PERNAMBUCO,10835932000108,INTERNA,NAO PROGRAMADA,NAO CLASSIFICADA,,NAO PROGRAMADA,RECLAMACAO_OU_INFORMACAO,PE
19360596,18276192,14206,2602902,2025-02-11 18:59:57,2025-02-11 20:54:50,INFORMAÇÃO OU RECLAMAÇÃO DO CONSUMIDOR OU DE TERCE,INTERNA;NAO PROGRAMADA;PROPRIAS DO SISTEMA;SUBTENSAO,12.25,22.9,79.73,14CB0106,COMPANHIA ENERGETICA DE PERNAMBUCO,10835932000108,INTERNA,NAO PROGRAMADA,PROPRIAS DO SISTEMA,SUBTENSAO,NAO PROGRAMADA,RECLAMACAO_OU_INFORMACAO,PE
19360732,18276608,14198,2610707,2025-02-11 21:23:05,2025-02-12 01:18:28,INFORMAÇÃO OU RECLAMAÇÃO DO CONSUMIDOR OU DE TERCE,INTERNA;NAO PROGRAMADA;PROPRIAS DO SISTEMA;FALHA DE MATERIAL OU EQUIPAMENTO,91.6,13.75,130.03,22PL3498,COMPANHIA ENERGETICA DE PERNAMBUCO,10835932000108,INTERNA,NAO PROGRAMADA,PROPRIAS DO SISTEMA,FALHA DE MATERIAL OU EQUIPAMENTO,NAO PROGRAMADA,RECLAMACAO_OU_INFORMACAO,PE
19361226,18277512,14224,2611606,2025-02-12 09:18:48,2025-02-13 17:30:00,INFORMAÇÃO OU RECLAMAÇÃO DO CONSUMIDOR OU DE TERCE,INTERNA;NAO PROGRAMADA;PROPRIAS DO SISTEMA;FALHA DE MATERIAL OU EQUIPAMENTO,35.68,28.95,1866.57,STCCMB2CP017,COMPANHIA ENERGETICA DE PERNAMBUCO,10835932000108,INTERNA,NAO PROGRAMADA,PROPRIAS DO SISTEMA,FALHA DE MATERIAL OU EQUIPAMENTO,NAO PROGRAMADA,RECLAMACAO_OU_INFORMACAO,PE
19365876,18283495,16169,2606408,2025-02-15 04:16:29,2025-02-15 14:51:30,INFORMAÇÃO OU RECLAMAÇÃO DO CONSUMIDOR OU DE TERCE,INTERNA;NAO PROGRAMADA;PROPRIAS DO SISTEMA;FALHA DE MATERIAL OU EQUIPAMENTO,318.02,49.85,267.15,06VT0013,COMPANHIA ENERGETICA DE PERNAMBUCO,10835932000108,INTERNA,NAO PROGRAMADA,PROPRIAS DO SISTEMA,FALHA DE MATERIAL OU EQUIPAMENTO,NAO PROGRAMADA,RECLAMACAO_OU_INFORMACAO,PE
19368421,18285489,14139,2602902,2025-02-16 15:18:42,2025-02-16 17:51:28,INFORMAÇÃO OU RECLAMAÇÃO DO CONSUMIDOR OU DE TERCE,INTERNA;NAO PROGRAMADA;PROPRIAS DO SISTEMA;FALHA DE MATERIAL OU EQUIPAMENTO,90.08,24.28,38.4,14CB0106,COMPANHIA ENERGETICA DE PERNAMBUCO,10835932000108,INTERNA,NAO PROGRAMADA,PROPRIAS DO SISTEMA,FALHA DE MATERIAL OU EQUIPAMENTO,NAO PROGRAMADA,RECLAMACAO_OU_INFORMACAO,PE
19370013,18287423,14130,2609709,2025-02-17 12:06:00,2025-02-18 16:11:51,INFORMAÇÃO OU RECLAMAÇÃO DO CONSUMIDOR OU DE TERCE,INTERNA;NAO PROGRAMADA;MEIO AMBIENTE;ARVORE OU VEGETACAO,83.23,10.83,1591.78,STCSRB2SC01W,COMPANHIA ENERGETICA DE PERNAMBUCO,10835932000108,INTERNA,NAO PROGRAMADA,MEIO AMBIENTE,ARVORE OU VEGETACAO,NAO PROGRAMADA,RECLAMACAO_OU_INFORMACAO,PE
19371213,18289477,14212,2610707,2025-02-18 07:36:11,2025-02-18 15:33:26,INFORMAÇÃO OU RECLAMAÇÃO DO CONSUMIDOR OU DE TERCE,INTERNA;NAO PROGRAMADA;PROPRIAS DO SISTEMA;FALHA DE MATERIAL OU EQUIPAMENTO,90.27,34.6,352.38,CONPLT4BH408,COMPANHIA ENERGETICA DE PERNAMBUCO,10835932000108,INTERNA,NAO PROGRAMADA,PROPRIAS DO SISTEMA,FALHA DE MATERIAL OU EQUIPAMENTO,NAO PROGRAMADA,RECLAMACAO_OU_INFORMACAO,PE
19371247,18288896,16186,2609808,2025-02-18 08:01:55,2025-02-18 11:49:04,INFORMAÇÃO OU RECLAMAÇÃO DO CONSUMIDOR OU DE TERCE,INTERNA;NAO PROGRAMADA;MEIO AMBIENTE;DESCARGA ATMOSFERICA,133.92,44.47,48.77,06SMV0122,COMPANHIA ENERGETICA DE PERNAMBUCO,10835932000108,INTERNA,NAO PROGRAMADA,MEIO AMBIENTE,DESCARGA ATMOSFERICA,NAO PROGRAMADA,RECLAMACAO_OU_INFORMACAO,PE
19371847,S/I,16170,2611606,2025-02-18 12:18:32,2025-02-18 16:27:55,INFORMAÇÃO OU RECLAMAÇÃO DO CONSUMIDOR OU DE TERCE,INTERNA;NAO PROGRAMADA;MEIO AMBIENTE;ARVORE OU VEGETACAO,132.45,48.45,68.48,14BV0013,COMPANHIA ENERGETICA DE PERNAMBUCO,10835932000108,INTERNA,NAO PROGRAMADA,MEIO AMBIENTE,ARVORE OU VEGETACAO,NAO PROGRAMADA,RECLAMACAO_OU_INFORMACAO,PE
19372063,18291142,16734,2611101,2025-02-18 14:12:56,2025-02-19 12:57:20,INFORMAÇÃO OU RECLAMAÇÃO DO CONSUMIDOR OU DE TERCE,INTERNA;NAO PROGRAMADA;PROPRIAS DO SISTEMA;FALHA DE MATERIAL OU EQUIPAMENTO,735.07,34.52,594.82,22PTL5855,COMPANHIA ENERGETICA DE PERNAMBUCO,10835932000108,INTERNA,NAO PROGRAMADA,PROPRIAS DO SISTEMA,FALHA DE MATERIAL OU EQUIPAMENTO,NAO PROGRAMADA,RECLAMACAO_OU_INFORMACAO,PE
19374236,S/I,14194,2610707,2025-02-19 16:33:24,2025-02-19 18:57:19,INFORMAÇÃO OU RECLAMAÇÃO DO CONSUMIDOR OU DE TERCE,INTERNA;NAO PROGRAMADA;NAO CLASSIFICADA,83.72,43.58,16.62,16PL3496,COMPANHIA ENERGETICA DE PERNAMBUCO,10835932000108,INTERNA,NAO PROGRAMADA,NAO CLASSIFICADA,,NAO PROGRAMADA,RECLAMACAO_OU_INFORMACAO,PE
19376708,18296272,14171,2607000,2025-02-20 19:24:19,2025-02-21 13:31:12,INFORMAÇÃO OU RECLAMAÇÃO DO CONSUMIDOR OU DE TERCE,INTERNA;NAO PROGRAMADA;FALHA OPERACIONAL;SERVICO MAL EXECUTADO,908.77,83.37,94.75,06FRT5795,COMPANHIA ENERGETICA DE PERNAMBUCO,10835932000108,INTERNA,NAO PROGRAMADA,FALHA OPERACIONAL,SERVICO MAL EXECUTADO,NAO PROGRAMADA,RECLAMACAO_OU_INFORMACAO,PE
19377737,18296767,14171,2609154,2025-02-21 12:01:14,2025-02-21 17:13:42,INFORMAÇÃO OU RECLAMAÇÃO DO CONSUMIDOR OU DE TERCE,INTERNA;NAO PROGRAMADA;MEIO AMBIENTE;ARVORE OU VEGETACAO,188.02,98.45,26.0,12FRT5844,COMPANHIA ENERGETICA DE PERNAMBUCO,10835932000108,INTERNA,NAO PROGRAMADA,MEIO AMBIENTE,ARVORE OU VEGETACAO,NAO PROGRAMADA,RECLAMACAO_OU_INFORMACAO,PE
19377963,18297491,16738,2602902,2025-02-21 14:12:40,2025-02-22 04:00:00,INFORMAÇÃO OU RECLAMAÇÃO DO CONSUMIDOR OU DE TERCE,INTERNA;NAO PROGRAMADA;MEIO AMBIENTE;QUEIMADA OU INCENDIO,114.35,78.07,634.92,16CB0133,COMPANHIA ENERGETICA DE PERNAMBUCO,10835932000108,INTERNA,NAO PROGRAMADA,MEIO AMBIENTE,QUEIMADA OU INCENDIO,NAO PROGRAMADA,RECLAMACAO_OU_INFORMACAO,PE
19379114,S/I,16160,2611903,2025-02-22 09:30:00,2025-02-22 12:27:09,INFORMAÇÃO OU RECLAMAÇÃO DO CONSUMIDOR OU DE TERCE,INTERNA;NAO PROGRAMADA;MEIO AMBIENTE;CORROSAO,96.1,10.07,70.98,06RB3581,COMPANHIA ENERGETICA DE PERNAMBUCO,10835932000108,INTERNA,NAO PROGRAMADA,MEIO AMBIENTE,CORROSAO,NAO PROGRAMADA,RECLAMACAO_OU_INFORMACAO,PE
19379576,18298710,16158,2603405,2025-02-22 14:21:51,2025-02-22 16:24:37,INFORMAÇÃO OU RECLAMAÇÃO DO CONSUMIDOR OU DE TERCE,INTERNA;NAO PROGRAMADA;TERCEIROS;INTERFERENCIA DE TERCEIROS,4.62,11.85,106.3,08SRT0108,COMPANHIA ENERGETICA DE PERNAMBUCO,10835932000108,INTERNA,NAO PROGRAMADA,TERCEIROS,INTERFERENCIA DE TERCEIROS,NAO PROGRAMADA,RECLAMACAO_OU_INFORMACAO,PE
19379636,S/I,14144,2604106,2025-02-22 15:09:17,2025-02-22 17:46:47,INFORMAÇÃO OU RECLAMAÇÃO DO CONSUMIDOR OU DE TERCE,INTERNA;NAO PROGRAMADA;MEIO AMBIENTE;ARVORE OU VEGETACAO,123.13,33.03,1.33,14CR0073,COMPANHIA ENERGETICA DE PERNAMBUCO,10835932000108,INTERNA,NAO PROGRAMADA,MEIO AMBIENTE,ARVORE OU VEGETACAO,NAO PROGRAMADA,RECLAMACAO_OU_INFORMACAO,PE
19382066,18301430,15662,2611309,2025-02-24 11:26:33,2025-02-24 12:39:22,INFORMAÇÃO OU RECLAMAÇÃO DO CONSUMIDOR OU DE TERCE,INTERNA;NAO PROGRAMADA;TERCEIROS;INTERFERENCIA DE TERCEIROS,25.35,23.0,24.47,06VT0006,COMPANHIA ENERGETICA DE PERNAMBUCO,10835932000108,INTERNA,NAO PROGRAMADA,TERCEIROS,INTERFERENCIA DE TERCEIROS,NAO PROGRAMADA,RECLAMACAO_OU_INFORMACAO,PE
19383455,18303665,16741,2611606,2025-02-25 08:22:12,2025-02-25 12:33:50,INFORMAÇÃO OU RECLAMAÇÃO DO CONSUMIDOR OU DE TERCE,INTERNA;NAO PROGRAMADA;MEIO AMBIENTE;ARVORE OU VEGETACAO,21.58,15.5,214.55,CONCF4B460M,COMPANHIA ENERGETICA DE PERNAMBUCO,10835932000108,INTERNA,NAO PROGRAMADA,MEIO AMBIENTE,ARVORE OU VEGETACAO,NAO PROGRAMADA,RECLAMACAO_OU_INFORMACAO,PE
19384697,18305380,15662,2616407,2025-02-25 18:13:06,2025-02-26 09:15:30,INFORMAÇÃO OU RECLAMAÇÃO DO CONSUMIDOR OU DE TERCE,INTERNA;NAO PROGRAMADA;PROPRIAS DO SISTEMA;FALHA DE MATERIAL OU EQUIPAMENTO,810.03,58.78,33.58,DIN0229,COMPANHIA ENERGETICA DE PERNAMBUCO,10835932000108,INTERNA,NAO PROGRAMADA,PROPRIAS DO SISTEMA,FALHA DE MATERIAL OU EQUIPAMENTO,NAO PROGRAMADA,RECLAMACAO_OU_INFORMACAO,PE
19384930,18306288,16169,2606408,2025-02-25 21:45:10,2025-02-26 00:36:52,INFORMAÇÃO OU RECLAMAÇÃO DO CONSUMIDOR OU DE TERCE,INTERNA;NAO PROGRAMADA;TERCEIROS;DEFEITO INTERNO NAO AFETANDO OUTRAS UNIDADES CONSU,86.13,51.65,33.92,22VT0014,COMPANHIA ENERGETICA DE PERNAMBUCO,10835932000108,INTERNA,NAO PROGRAMADA,TERCEIROS,DEFEITO INTERNO NAO AFETANDO OUTRAS UNIDADES CONSU,NAO PROGRAMADA,RECLAMACAO_OU_INFORMACAO,PE
19385266,S/I,14216,2612505,2025-02-26 07:58:21,2025-02-26 10:11:34,INFORMAÇÃO OU RECLAMAÇÃO DO CONSUMIDOR OU DE TERCE,INTERNA;NAO PROGRAMADA;PROPRIAS DO SISTEMA;FALHA DE MATERIAL OU EQUIPAMENTO,2.4,4.87,125.95,08SC3484LV,COMPANHIA ENERGETICA DE PERNAMBUCO,10835932000108,INTERNA,NAO PROGRAMADA,PROPRIAS DO SISTEMA,FALHA DE MATERIAL OU EQUIPAMENTO,NAO PROGRAMADA,RECLAMACAO_OU_INFORMACAO,PE
19386852,18307326,15659,2602902,2025-02-27 05:09:31,2025-02-27 07:00:57,INFORMAÇÃO OU RECLAMAÇÃO DO CONSUMIDOR OU DE TERCE,INTERNA;NAO PROGRAMADA;TERCEIROS;DEFEITO INTERNO NAO AFETANDO OUTRAS UNIDADES CONSU,64.8,20.38,26.25,06CB3585,COMPANHIA ENERGETICA DE PERNAMBUCO,10835932000108,INTERNA,NAO PROGRAMADA,TERCEIROS,DEFEITO INTERNO NAO AFETANDO OUTRAS UNIDADES CONSU,NAO PROGRAMADA,RECLAMACAO_OU_INFORMACAO,PE
19386961,18308490,14206,2607901,2025-02-27 07:22:24,2025-02-27 15:42:45,INFORMAÇÃO OU RECLAMAÇÃO DO CONSUMIDOR OU DE TERCE,INTERNA;NAO PROGRAMADA;PROPRIAS DO SISTEMA;SOBRECARGA,144.98,20.22,335.15,DIN0169,COMPANHIA ENERGETICA DE PERNAMBUCO,10835932000108,INTERNA,NAO PROGRAMADA,PROPRIAS DO SISTEMA,SOBRECARGA,NAO PROGRAMADA,RECLAMACAO_OU_INFORMACAO,PE
19387727,18309956,16160,2611903,2025-02-27 12:41:33,2025-02-27 19:05:03,INFORMAÇÃO OU RECLAMAÇÃO DO CONSUMIDOR OU DE TERCE,INTERNA;NAO PROGRAMADA;PROPRIAS DO SISTEMA;SOBRECARGA,209.83,11.25,162.42,14RB3582,COMPANHIA ENERGETICA DE PERNAMBUCO,10835932000108,INTERNA,NAO PROGRAMADA,PROPRIAS DO SISTEMA,SOBRECARGA,NAO PROGRAMADA,RECLAMACAO_OU_INFORMACAO,PE
19388532,18309526,16733,2611101,2025-02-27 18:15:32,2025-02-28 08:29:51,INFORMAÇÃO OU RECLAMAÇÃO DO CONSUMIDOR OU DE TERCE,INTERNA;NAO PROGRAMADA;NAO CLASSIFICADA,711.52,117.33,25.47,06PTL0097,COMPANHIA ENERGETICA DE PERNAMBUCO,10835932000108,INTERNA,NAO PROGRAMADA,NAO CLASSIFICADA,,NAO PROGRAMADA,RECLAMACAO_OU_INFORMACAO,PE
19389352,18337828,14163,2606200,2025-02-28 09:13:01,2025-02-28 16:04:29,INFORMAÇÃO OU RECLAMAÇÃO DO CONSUMIDOR OU DE TERCE,INTERNA;NAO PROGRAMADA;TERCEIROS;DEFEITO INTERNO NAO AFETANDO OUTRAS UNIDADES CONSU,395.05,7.08,9.33,STCGOI2BG408,COMPANHIA ENERGETICA DE PERNAMBUCO,10835932000108,INTERNA,NAO PROGRAMADA,TERCEIROS,DEFEITO INTERNO NAO AFETANDO OUTRAS UNIDADES CONSU,NAO PROGRAMADA,RECLAMACAO_OU_INFORMACAO,PE
19391536,18312338,15663,2615300,2025-03-01 15:22:06,2025-03-01 23:43:40,REGISTRO AUTOMÁTICO DO SISTEMA DE SUPERVISÃO DA DI,INTERNA;NAO PROGRAMADA;PROPRIAS DO SISTEMA;FALHA DE MATERIAL OU EQUIPAMENTO,31.43,48.97,421.17,14TB5861,COMPANHIA ENERGETICA DE PERNAMBUCO,10835932000108,INTERNA,NAO PROGRAMADA,PROPRIAS DO SISTEMA,FALHA DE MATERIAL OU EQUIPAMENTO,NAO PROGRAMADA,SISTEMA_SUPERVISAO_AUTOMATICO,PE
19392666,18361379,14228,2614501,2025-03-02 12:42:35,2025-03-02 14:15:44,INFORMAÇÃO OU RECLAMAÇÃO DO CONSUMIDOR OU DE TERCE,INTERNA;NAO PROGRAMADA;PROPRIAS DO SISTEMA;FALHA DE MATERIAL OU EQUIPAMENTO,42.12,17.17,33.87,06SR5769,COMPANHIA ENERGETICA DE PERNAMBUCO,10835932000108,INTERNA,NAO PROGRAMADA,PROPRIAS DO SISTEMA,FALHA DE MATERIAL OU EQUIPAMENTO,NAO PROGRAMADA,RECLAMACAO_OU_INFORMACAO,PE
19393481,18319869,16171,2607901,2025-03-03 06:39:47,2025-03-03 09:39:42,INFORMAÇÃO OU RECLAMAÇÃO DO CONSUMIDOR OU DE TERCE,INTERNA;NAO PROGRAMADA;PROPRIAS DO SISTEMA;NAO IDENTIFICADA,121.65,36.63,21.63,STCPDD2BQ40A,COMPANHIA ENERGETICA DE PERNAMBUCO,10835932000108,INTERNA,NAO PROGRAMADA,PROPRIAS DO SISTEMA,NAO IDENTIFICADA,NAO PROGRAMADA,RECLAMACAO_OU_INFORMACAO,PE
19394268,18319134,14130,2609709,2025-03-03 12:15:00,2025-03-04 12:36:28,REGISTRO AUTOMÁTICO DO SISTEMA DE SUPERVISÃO DA DI,INTERNA;NAO PROGRAMADA;MEIO AMBIENTE;ARVORE OU VEGETACAO,6.95,21.78,1432.73,06SR0127,COMPANHIA ENERGETICA DE PERNAMBUCO,10835932000108,INTERNA,NAO PROGRAMADA,MEIO AMBIENTE,ARVORE OU VEGETACAO,NAO PROGRAMADA,SISTEMA_SUPERVISAO_AUTOMATICO,PE
19394696,18316663,16164,2607901,2025-03-03 15:14:32,2025-03-03 18:47:06,INFORMAÇÃO OU RECLAMAÇÃO DO CONSUMIDOR OU DE TERCE,INTERNA;NAO PROGRAMADA;PROPRIAS DO SISTEMA;FALHA DE MATERIAL OU EQUIPAMENTO,57.15,63.32,92.1,15PD0022,COMPANHIA ENERGETICA DE PERNAMBUCO,10835932000108,INTERNA,NAO PROGRAMADA,PROPRIAS DO SISTEMA,FALHA DE MATERIAL OU EQUIPAMENTO,NAO PROGRAMADA,RECLAMACAO_OU_INFORMACAO,PE
19395230,18316875,14187,2609402,2025-03-03 19:02:27,2025-03-03 21:21:51,INFORMAÇÃO OU RECLAMAÇÃO DO CONSUMIDOR OU DE TERCE,INTERNA;NAO PROGRAMADA;PROPRIAS DO SISTEMA;FALHA DE MATERIAL OU EQUIPAMENTO,12.33,55.2,71.87,14VT0004,COMPANHIA ENERGETICA DE PERNAMBUCO,10835932000108,INTERNA,NAO PROGRAMADA,PROPRIAS DO SISTEMA,FALHA DE MATERIAL OU EQUIPAMENTO,NAO PROGRAMADA,RECLAMACAO_OU_INFORMACAO,PE
19395611,S/I,16177,2610202,2025-03-04 06:17:34,2025-03-04 10:16:04,INFORMAÇÃO OU RECLAMAÇÃO DO CONSUMIDOR OU DE TERCE,INTERNA;NAO PROGRAMADA;FALHA OPERACIONAL;SERVICO MAL EXECUTADO,227.05,10.0,1.45,08BJ3519,COMPANHIA ENERGETICA DE PERNAMBUCO,10835932000108,INTERNA,NAO PROGRAMADA,FALHA OPERACIONAL,SERVICO MAL EXECUTADO,NAO PROGRAMADA,RECLAMACAO_OU_INFORMACAO,PE
19397811,18321144,14135,2606002,2025-03-05 16:16:42,2025-03-06 11:05:00,INFORMAÇÃO OU RECLAMAÇÃO DO CONSUMIDOR OU DE TERCE,INTERNA;NAO PROGRAMADA;PROPRIAS DO SISTEMA;FALHA DE MATERIAL OU EQUIPAMENTO,69.25,33.28,1025.77,10BCO3567,COMPANHIA ENERGETICA DE PERNAMBUCO,10835932000108,INTERNA,NAO PROGRAMADA,PROPRIAS DO SISTEMA,FALHA DE MATERIAL OU EQUIPAMENTO,NAO PROGRAMADA,RECLAMACAO_OU_INFORMACAO,PE
19398563,18325372,16747,2600104,2025-03-06 09:10:10,2025-03-06 14:16:53,INFORMAÇÃO OU RECLAMAÇÃO DO CONSUMIDOR OU DE TERCE,INTERNA;NAO PROGRAMADA;TERCEIROS;INTERFERENCIA DE TERCEIROS,140.77,58.85,107.1,08AFI5736,COMPANHIA ENERGETICA DE PERNAMBUCO,10835932000108,INTERNA,NAO PROGRAMADA,TERCEIROS,INTERFERENCIA DE TERCEIROS,NAO PROGRAMADA,RECLAMACAO_OU_INFORMACAO,PE
19399639,18322490,14147,2604007,2025-03-06 17:59:59,2025-03-06 20:21:24,INFORMAÇÃO OU RECLAMAÇÃO DO CONSUMIDOR OU DE TERCE,INTERNA;NAO PROGRAMADA;PROPRIAS DO SISTEMA;FALHA DE MATERIAL OU EQUIPAMENTO,75.15,10.98,55.28,15CP5793,COMPANHIA ENERGETICA DE PERNAMBUCO,10835932000108,INTERNA,NAO PROGRAMADA,PROPRIAS DO SISTEMA,FALHA DE MATERIAL OU EQUIPAMENTO,NAO PROGRAMADA,RECLAMACAO_OU_INFORMACAO,PE
19400180,S/I,14194,2610707,2025-03-07 00:41:22,2025-03-07 09:49:15,INFORMAÇÃO OU RECLAMAÇÃO DO CONSUMIDOR OU DE TERCE,INTERNA;NAO PROGRAMADA;NAO CLASSIFICADA,511.6,30.35,5.93,CONPLT4BH40M,COMPANHIA ENERGETICA DE PERNAMBUCO,10835932000108,INTERNA,NAO PROGRAMADA,NAO CLASSIFICADA,,NAO PROGRAMADA,RECLAMACAO_OU_INFORMACAO,PE
19400970,18324041,14219,2609600,2025-03-07 11:02:23,2025-03-07 16:11:22,INFORMAÇÃO OU RECLAMAÇÃO DO CONSUMIDOR OU DE TERCE,INTERNA;NAO PROGRAMADA;TERCEIROS;INTERFERENCIA DE TERCEIROS,16.08,30.53,262.37,CONOLI4B5408,COMPANHIA ENERGETICA DE PERNAMBUCO,10835932000108,INTERNA,NAO PROGRAMADA,TERCEIROS,INTERFERENCIA DE TERCEIROS,NAO PROGRAMADA,RECLAMACAO_OU_INFORMACAO,PE
19402298,18325203,16169,2606408,2025-03-08 02:45:01,2025-03-08 05:45:28,REGISTRO AUTOMÁTICO DO SISTEMA DE SUPERVISÃO DA DI,INTERNA;NAO PROGRAMADA;TERCEIROS;OBJETO NA REDE,9.5,127.82,43.13,22VT0014,COMPANHIA ENERGETICA DE PERNAMBUCO,10835932000108,INTERNA,NAO PROGRAMADA,TERCEIROS,OBJETO NA REDE,NAO PROGRAMADA,SISTEMA_SUPERVISAO_AUTOMATICO,PE
19402397,18325809,16179,2602803,2025-03-08 07:09:33,2025-03-08 12:37:59,INFORMAÇÃO OU RECLAMAÇÃO DO CONSUMIDOR OU DE TERCE,INTERNA;NAO PROGRAMADA;MEIO AMBIENTE;DESCARGA ATMOSFERICA,247.63,36.62,44.18,06AC5816,COMPANHIA ENERGETICA DE PERNAMBUCO,10835932000108,INTERNA,NAO PROGRAMADA,MEIO AMBIENTE,DESCARGA ATMOSFERICA,NAO PROGRAMADA,RECLAMACAO_OU_INFORMACAO,PE
19403598,18337571,14214,2611606,2025-03-08 23:54:09,2025-03-09 05:47:39,INFORMAÇÃO OU RECLAMAÇÃO DO CONSUMIDOR OU DE TERCE,INTERNA;NAO PROGRAMADA;MEIO AMBIENTE;QUEIMADA OU INCENDIO,258.63,5.93,88.93,22BV0012,COMPANHIA ENERGETICA DE PERNAMBUCO,10835932000108,INTERNA,NAO PROGRAMADA,MEIO AMBIENTE,QUEIMADA OU INCENDIO,NAO PROGRAMADA,RECLAMACAO_OU_INFORMACAO,PE
19404735,S/I,16158,2613909,2025-03-09 23:55:03,2025-03-10 07:33:07,INFORMAÇÃO OU RECLAMAÇÃO DO CONSUMIDOR OU DE TERCE,INTERNA;NAO PROGRAMADA;NAO CLASSIFICADA,375.67,54.8,27.6,06SRT5763,COMPANHIA ENERGETICA DE PERNAMBUCO,10835932000108,INTERNA,NAO PROGRAMADA,NAO CLASSIFICADA,,NAO PROGRAMADA,RECLAMACAO_OU_INFORMACAO,PE
19406787,18331804,14123,2601409,2025-03-11 07:48:04,2025-03-11 10:07:55,INFORMAÇÃO OU RECLAMAÇÃO DO CONSUMIDOR OU DE TERCE,INTERNA;NAO PROGRAMADA;MEIO AMBIENTE;VENTO,39.07,69.7,31.08,08RB3565,COMPANHIA ENERGETICA DE PERNAMBUCO,10835932000108,INTERNA,NAO PROGRAMADA,MEIO AMBIENTE,VENTO,NAO PROGRAMADA,RECLAMACAO_OU_INFORMACAO,PE
19407934,S/I,14144,2604106,2025-03-11 17:17:08,2025-03-12 02:35:46,INFORMAÇÃO OU RECLAMAÇÃO DO CONSUMIDOR OU DE TERCE,INTERNA;NAO PROGRAMADA;PROPRIAS DO SISTEMA;SUBTENSAO,233.38,14.98,310.27,14CR0073,COMPANHIA ENERGETICA DE PERNAMBUCO,10835932000108,INTERNA,NAO PROGRAMADA,PROPRIAS DO SISTEMA,SUBTENSAO,NAO PROGRAMADA,RECLAMACAO_OU_INFORMACAO,PE
19409727,S/I,16183,2611606,2025-03-12 16:55:57,2025-03-12 22:58:13,INFORMAÇÃO OU RECLAMAÇÃO DO CONSUMIDOR OU DE TERCE,INTERNA;NAO PROGRAMADA;PROPRIAS DO SISTEMA;SUBTENSAO,333.08,4.63,24.55,16BI0005,COMPANHIA ENERGETICA DE PERNAMBUCO,10835932000108,INTERNA,NAO PROGRAMADA,PROPRIAS DO SISTEMA,SUBTENSAO,NAO PROGRAMADA,RECLAMACAO_OU_INFORMACAO,PE
19410049,S/I,16740,2611606,2025-03-12 21:12:58,2025-03-13 01:40:16,INFORMAÇÃO OU RECLAMAÇÃO DO CONSUMIDOR OU DE TERCE,INTERNA;NAO PROGRAMADA;PROPRIAS DO SISTEMA;FALHA DE MATERIAL OU EQUIPAMENTO,221.7,16.73,28.87,22VA3478,COMPANHIA ENERGETICA DE PERNAMBUCO,10835932000108,INTERNA,NAO PROGRAMADA,PROPRIAS DO SISTEMA,FALHA DE MATERIAL OU EQUIPAMENTO,NAO PROGRAMADA,RECLAMACAO_OU_INFORMACAO,PE
19410641,S/I,16178,2606705,2025-03-13 10:42:12,2025-03-13 12:47:45,INFORMAÇÃO OU RECLAMAÇÃO DO CONSUMIDOR OU DE TERCE,INTERNA;NAO PROGRAMADA;NAO CLASSIFICADA,79.4,37.67,8.48,14GA5766,COMPANHIA ENERGETICA DE PERNAMBUCO,10835932000108,INTERNA,NAO PROGRAMADA,NAO CLASSIFICADA,,NAO PROGRAMADA,RECLAMACAO_OU_INFORMACAO,PE
19412635,18337974,14193,2610004,2025-03-14 12:20:00,2025-03-14 18:27:52,INFORMAÇÃO OU RECLAMAÇÃO DO CONSUMIDOR OU DE TERCE,INTERNA;NAO PROGRAMADA;MEIO AMBIENTE;ARVORE OU VEGETACAO,263.07,54.8,50.0,14PM0057,COMPANHIA ENERGETICA DE PERNAMBUCO,10835932000108,INTERNA,NAO PROGRAMADA,MEIO AMBIENTE,ARVORE OU VEGETACAO,NAO PROGRAMADA,RECLAMACAO_OU_INFORMACAO,PE
19414253,S/I,14220,2613008,2025-03-15 12:02:42,2025-03-16 08:53:56,INFORMAÇÃO OU RECLAMAÇÃO DO CONSUMIDOR OU DE TERCE,INTERNA;NAO PROGRAMADA;PROPRIAS DO SISTEMA;SUBTENSAO,1196.0,34.88,20.35,06BJ0018,COMPANHIA ENERGETICA DE PERNAMBUCO,10835932000108,INTERNA,NAO PROGRAMADA,PROPRIAS DO SISTEMA,SUBTENSAO,NAO PROGRAMADA,RECLAMACAO_OU_INFORMACAO,PE
19414413,18339246,16152,2606408,2025-03-15 14:09:32,2025-03-15 15:38:25,INFORMAÇÃO OU RECLAMAÇÃO DO CONSUMIDOR OU DE TERCE,INTERNA;NAO PROGRAMADA;PROPRIAS DO SISTEMA;FALHA DE MATERIAL OU EQUIPAMENTO,10.25,7.07,71.57,14VT0011,COMPANHIA ENERGETICA DE PERNAMBUCO,10835932000108,INTERNA,NAO PROGRAMADA,PROPRIAS DO SISTEMA,FALHA DE MATERIAL OU EQUIPAMENTO,NAO PROGRAMADA,RECLAMACAO_OU_INFORMACAO,PE
19416135,18341628,16149,2613503,2025-03-16 20:26:08,2025-03-17 04:55:04,INFORMAÇÃO OU RECLAMAÇÃO DO CONSUMIDOR OU DE TERCE,INTERNA;NAO PROGRAMADA;MEIO AMBIENTE;VENTO,447.18,40.35,21.4,22SRT5792,COMPANHIA ENERGETICA DE PERNAMBUCO,10835932000108,INTERNA,NAO PROGRAMADA,MEIO AMBIENTE,VENTO,NAO PROGRAMADA,RECLAMACAO_OU_INFORMACAO,PE
19417797,18344566,16741,2611606,2025-03-17 14:43:19,2025-03-18 09:08:50,INFORMAÇÃO OU RECLAMAÇÃO DO CONSUMIDOR OU DE TERCE,INTERNA;NAO PROGRAMADA;PROPRIAS DO SISTEMA;FALHA DE MATERIAL OU EQUIPAMENTO,975.78,68.02,61.72,06VA3473,COMPANHIA ENERGETICA DE PERNAMBUCO,10835932000108,INTERNA,NAO PROGRAMADA,PROPRIAS DO SISTEMA,FALHA DE MATERIAL OU EQUIPAMENTO,NAO PROGRAMADA,RECLAMACAO_OU_INFORMACAO,PE
19418166,S/I,14130,2609709,2025-03-17 17:04:12,2025-03-18 11:44:09,INFORMAÇÃO OU RECLAMAÇÃO DO CONSUMIDOR OU DE TERCE,INTERNA;NAO PROGRAMADA;MEIO AMBIENTE;CORROSAO,960.85,41.43,117.67,STCSRB2SC01W,COMPANHIA ENERGETICA DE PERNAMBUCO,10835932000108,INTERNA,NAO PROGRAMADA,MEIO AMBIENTE,CORROSAO,NAO PROGRAMADA,RECLAMACAO_OU_INFORMACAO,PE
19418591,S/I,14176,2607752,2025-03-17 20:31:00,2025-03-17 22:05:13,INFORMAÇÃO OU RECLAMAÇÃO DO CONSUMIDOR OU DE TERCE,INTERNA;NAO PROGRAMADA;PROPRIAS DO SISTEMA;FALHA DE MATERIAL OU EQUIPAMENTO,66.92,8.43,18.87,22GO0015,COMPANHIA ENERGETICA DE PERNAMBUCO,10835932000108,INTERNA,NAO PROGRAMADA,PROPRIAS DO SISTEMA,FALHA DE MATERIAL OU EQUIPAMENTO,NAO PROGRAMADA,RECLAMACAO_OU_INFORMACAO,PE
19418846,18344988,14206,2607901,2025-03-18 00:27:38,2025-03-18 11:19:14,INFORMAÇÃO OU RECLAMAÇÃO DO CONSUMIDOR OU DE TERCE,INTERNA;NAO PROGRAMADA;PROPRIAS DO SISTEMA;FALHA DE MATERIAL OU EQUIPAMENTO,519.8,29.12,102.68,06PD0020,COMPANHIA ENERGETICA DE PERNAMBUCO,10835932000108,INTERNA,NAO PROGRAMADA,PROPRIAS DO SISTEMA,FALHA DE MATERIAL OU EQUIPAMENTO,NAO PROGRAMADA,RECLAMACAO_OU_INFORMACAO,PE
19424143,18350821,16738,2607208,2025-03-20 17:28:15,2025-03-20 21:51:04,INFORMAÇÃO OU RECLAMAÇÃO DO CONSUMIDOR OU DE TERCE,INTERNA;NAO PROGRAMADA;MEIO AMBIENTE;QUEIMADA OU INCENDIO,75.42,74.42,112.98,14CB0106,COMPANHIA ENERGETICA DE PERNAMBUCO,10835932000108,INTERNA,NAO PROGRAMADA,MEIO AMBIENTE,QUEIMADA OU INCENDIO,NAO PROGRAMADA,RECLAMACAO_OU_INFORMACAO,PE
19424829,18351849,16185,2611606,2025-03-21 07:41:55,2025-03-21 10:26:25,INFORMAÇÃO OU RECLAMAÇÃO DO CONSUMIDOR OU DE TERCE,INTERNA;NAO PROGRAMADA;PROPRIAS DO SISTEMA;SUBTENSAO,25.65,38.17,100.68,06CF3486,COMPANHIA ENERGETICA DE PERNAMBUCO,10835932000108,INTERNA,NAO PROGRAMADA,PROPRIAS DO SISTEMA,SUBTENSAO,NAO PROGRAMADA,RECLAMACAO_OU_INFORMACAO,PE
19426063,S/I,16183,2611606,2025-03-21 18:00:14,2025-03-21 21:48:43,INFORMAÇÃO OU RECLAMAÇÃO DO CONSUMIDOR OU DE TERCE,INTERNA;NAO PROGRAMADA;MEIO AMBIENTE;ARVORE OU VEGETACAO,216.88,8.13,3.47,14VA3314,COMPANHIA ENERGETICA DE PERNAMBUCO,10835932000108,INTERNA,NAO PROGRAMADA,MEIO AMBIENTE,ARVORE OU VEGETACAO,NAO PROGRAMADA,RECLAMACAO_OU_INFORMACAO,PE
19426967,18357174,14206,2607901,2025-03-22 10:36:06,2025-03-22 15:02:57,INFORMAÇÃO OU RECLAMAÇÃO DO CONSUMIDOR OU DE TERCE,INTERNA;NAO PROGRAMADA;TERCEIROS;DEFEITO INTERNO NAO AFETANDO OUTRAS UNIDADES CONSU,222.82,32.63,11.4,STCPDD2BQ40B,COMPANHIA ENERGETICA DE PERNAMBUCO,10835932000108,INTERNA,NAO PROGRAMADA,TERCEIROS,DEFEITO INTERNO NAO AFETANDO OUTRAS UNIDADES CONSU,NAO PROGRAMADA,RECLAMACAO_OU_INFORMACAO,PE
19427024,S/I,16171,2607901,2025-03-22 11:08:05,2025-03-22 14:50:15,INFORMAÇÃO OU RECLAMAÇÃO DO CONSUMIDOR OU DE TERCE,INTERNA;NAO PROGRAMADA;NAO CLASSIFICADA,188.27,25.27,8.63,STCPDD2BQ40D,COMPANHIA ENERGETICA DE PERNAMBUCO,10835932000108,INTERNA,NAO PROGRAMADA,NAO CLASSIFICADA,,NAO PROGRAMADA,RECLAMACAO_OU_INFORMACAO,PE
19430710,S/I,14229,2613701,2025-03-24 14:48:29,2025-03-24 19:17:51,INFORMAÇÃO OU RECLAMAÇÃO DO CONSUMIDOR OU DE TERCE,INTERNA;NAO PROGRAMADA;NAO CLASSIFICADA,243.67,23.4,2.3,15CG3542,COMPANHIA ENERGETICA DE PERNAMBUCO,10835932000108,INTERNA,NAO PROGRAMADA,NAO CLASSIFICADA,,NAO PROGRAMADA,RECLAMACAO_OU_INFORMACAO,PE
19430734,S/I,14153,2610707,2025-03-24 14:59:29,2025-03-25 06:56:44,INFORMAÇÃO OU RECLAMAÇÃO DO CONSUMIDOR OU DE TERCE,INTERNA;NAO PROGRAMADA;NAO CLASSIFICADA,907.77,44.42,5.07,06PL3306,COMPANHIA ENERGETICA DE PERNAMBUCO,10835932000108,INTERNA,NAO PROGRAMADA,NAO CLASSIFICADA,,NAO PROGRAMADA,RECLAMACAO_OU_INFORMACAO,PE
19431852,S/I,16733,2611101,2025-03-25 07:50:56,2025-03-25 13:53:17,INFORMAÇÃO OU RECLAMAÇÃO DO CONSUMIDOR OU DE TERCE,INTERNA;NAO PROGRAMADA;PROPRIAS DO SISTEMA;SUBTENSAO,5.88,4.5,351.97,TESTEPDA,COMPANHIA ENERGETICA DE PERNAMBUCO,10835932000108,INTERNA,NAO PROGRAMADA,PROPRIAS DO SISTEMA,SUBTENSAO,NAO PROGRAMADA,RECLAMACAO_OU_INFORMACAO,PE
19433445,S/I,14198,2610707,2025-03-25 20:50:05,2025-03-26 08:34:06,INFORMAÇÃO OU RECLAMAÇÃO DO CONSUMIDOR OU DE TERCE,INTERNA;NAO PROGRAMADA;NAO CLASSIFICADA,662.88,23.35,17.78,CONPLT4BH408,COMPANHIA ENERGETICA DE PERNAMBUCO,10835932000108,INTERNA,NAO PROGRAMADA,NAO CLASSIFICADA,,NAO PROGRAMADA,RECLAMACAO_OU_INFORMACAO,PE
19433682,18362157,16735,2612604,2025-03-26 07:08:40,2025-03-26 13:18:02,INFORMAÇÃO OU RECLAMAÇÃO DO CONSUMIDOR OU DE TERCE,INTERNA;NAO PROGRAMADA;MEIO AMBIENTE;VENTO,47.77,88.1,233.5,06SMV0122,COMPANHIA ENERGETICA DE PERNAMBUCO,10835932000108,INTERNA,NAO PROGRAMADA,MEIO AMBIENTE,VENTO,NAO PROGRAMADA,RECLAMACAO_OU_INFORMACAO,PE
19434250,S/I,16163,2605202,2025-03-26 11:32:32,2025-03-26 18:26:10,INFORMAÇÃO OU RECLAMAÇÃO DO CONSUMIDOR OU DE TERCE,INTERNA;NAO PROGRAMADA;FALHA OPERACIONAL;SERVICO MAL EXECUTADO,208.68,10.0,194.95,07RB0064,COMPANHIA ENERGETICA DE PERNAMBUCO,10835932000108,INTERNA,NAO PROGRAMADA,FALHA OPERACIONAL,SERVICO MAL EXECUTADO,NAO PROGRAMADA,RECLAMACAO_OU_INFORMACAO,PE
19435239,18363393,16735,2612604,2025-03-26 22:23:14,2025-03-27 02:59:02,INFORMAÇÃO OU RECLAMAÇÃO DO CONSUMIDOR OU DE TERCE,INTERNA;NAO PROGRAMADA;PROPRIAS DO SISTEMA;FALHA DE MATERIAL OU EQUIPAMENTO,147.88,63.7,64.22,22SMV5748,COMPANHIA ENERGETICA DE PERNAMBUCO,10835932000108,INTERNA,NAO PROGRAMADA,PROPRIAS DO SISTEMA,FALHA DE MATERIAL OU EQUIPAMENTO,NAO PROGRAMADA,RECLAMACAO_OU_INFORMACAO,PE
19438138,18366663,16179,2602803,2025-03-28 10:31:56,2025-03-28 14:28:18,INFORMAÇÃO OU RECLAMAÇÃO DO CONSUMIDOR OU DE TERCE,INTERNA;NAO PROGRAMADA;MEIO AMBIENTE;VENTO,119.08,82.17,35.12,08AC5840,COMPANHIA ENERGETICA DE PERNAMBUCO,10835932000108,INTERNA,NAO PROGRAMADA,MEIO AMBIENTE,VENTO,NAO PROGRAMADA,RECLAMACAO_OU_INFORMACAO,PE
19439243,18374777,16167,2612208,2025-03-28 18:46:45,2025-03-28 19:47:58,INFORMAÇÃO OU RECLAMAÇÃO DO CONSUMIDOR OU DE TERCE,INTERNA;NAO PROGRAMADA;TERCEIROS;DEFEITO INTERNO NAO AFETANDO OUTRAS UNIDADES CONSU,45.52,10.32,5.38,14SRT0155,COMPANHIA ENERGETICA DE PERNAMBUCO,10835932000108,INTERNA,NAO PROGRAMADA,TERCEIROS,DEFEITO INTERNO NAO AFETANDO OUTRAS UNIDADES CONSU,NAO PROGRAMADA,RECLAMACAO_OU_INFORMACAO,PE
19439534,18368012,16171,2607901,2025-03-29 02:51:35,2025-03-29 07:11:44,INFORMAÇÃO OU RECLAMAÇÃO DO CONSUMIDOR OU DE TERCE,INTERNA;NAO PROGRAMADA;PROPRIAS DO SISTEMA;FALHA DE MATERIAL OU EQUIPAMENTO,215.27,30.53,14.35,06PD0020,COMPANHIA ENERGETICA DE PERNAMBUCO,10835932000108,INTERNA,NAO PROGRAMADA,PROPRIAS DO SISTEMA,FALHA DE MATERIAL OU EQUIPAMENTO,NAO PROGRAMADA,RECLAMACAO_OU_INFORMACAO,PE
19440089,18369238,16153,2612455,2025-03-29 11:19:41,2025-03-29 21:31:36,INFORMAÇÃO OU RECLAMAÇÃO DO CONSUMIDOR OU DE TERCE,INTERNA;NAO PROGRAMADA;MEIO AMBIENTE;VENTO,446.43,87.73,77.75,16ORC5764,COMPANHIA ENERGETICA DE PERNAMBUCO,10835932000108,INTERNA,NAO PROGRAMADA,MEIO AMBIENTE,VENTO,NAO PROGRAMADA,RECLAMACAO_OU_INFORMACAO,PE
19440093,18368852,14190,2609600,2025-03-29 11:21:59,2025-03-29 15:29:50,INFORMAÇÃO OU RECLAMAÇÃO DO CONSUMIDOR OU DE TERCE,INTERNA;NAO PROGRAMADA;MEIO AMBIENTE;VENTO,30.1,31.42,186.33,08OL3785,COMPANHIA ENERGETICA DE PERNAMBUCO,10835932000108,INTERNA,NAO PROGRAMADA,MEIO AMBIENTE,VENTO,NAO PROGRAMADA,RECLAMACAO_OU_INFORMACAO,PE
19440341,18368804,14144,2604106,2025-03-29 14:41:29,2025-03-29 16:11:26,INFORMAÇÃO OU RECLAMAÇÃO DO CONSUMIDOR OU DE TERCE,INTERNA;NAO PROGRAMADA;PROPRIAS DO SISTEMA;FALHA DE MATERIAL OU EQUIPAMENTO,23.25,41.52,25.18,08CR3346,COMPANHIA ENERGETICA DE PERNAMBUCO,10835932000108,INTERNA,NAO PROGRAMADA,PROPRIAS DO SISTEMA,FALHA DE MATERIAL OU EQUIPAMENTO,NAO PROGRAMADA,RECLAMACAO_OU_INFORMACAO,PE
19440395,S/I,14205,2602902,2025-03-29 15:20:02,2025-03-29 16:30:17,INFORMAÇÃO OU RECLAMAÇÃO DO CONSUMIDOR OU DE TERCE,INTERNA;NAO PROGRAMADA;MEIO AMBIENTE;ARVORE OU VEGETACAO,10.92,25.72,33.62,14CB0106,COMPANHIA ENERGETICA DE PERNAMBUCO,10835932000108,INTERNA,NAO PROGRAMADA,MEIO AMBIENTE,ARVORE OU VEGETACAO,NAO PROGRAMADA,RECLAMACAO_OU_INFORMACAO,PE
19441792,18404062,16183,2611606,2025-03-30 17:24:44,2025-03-30 19:15:02,INFORMAÇÃO OU RECLAMAÇÃO DO CONSUMIDOR OU DE TERCE,INTERNA;NAO PROGRAMADA;PROPRIAS DO SISTEMA;FALHA DE MATERIAL OU EQUIPAMENTO,22.12,32.1,56.08,14VA3314,COMPANHIA ENERGETICA DE PERNAMBUCO,10835932000108,INTERNA,NAO PROGRAMADA,PROPRIAS DO SISTEMA,FALHA DE MATERIAL OU EQUIPAMENTO,NAO PROGRAMADA,RECLAMACAO_OU_INFORMACAO,PE
19441866,18382496,14223,2613602,2025-03-30 18:47:54,2025-03-31 10:56:22,INFORMAÇÃO OU RECLAMAÇÃO DO CONSUMIDOR OU DE TERCE,INTERNA;NAO PROGRAMADA;PROPRIAS DO SISTEMA;FALHA DE MATERIAL OU EQUIPAMENTO,921.03,28.5,18.93,08AFI5815,COMPANHIA ENERGETICA DE PERNAMBUCO,10835932000108,INTERNA,NAO PROGRAMADA,PROPRIAS DO SISTEMA,FALHA DE MATERIAL OU EQUIPAMENTO,NAO PROGRAMADA,RECLAMACAO_OU_INFORMACAO,PE
19444756,S/I,16185,2611606,2025-04-01 10:48:40,2025-04-01 15:32:51,INFORMAÇÃO OU RECLAMAÇÃO DO CONSUMIDOR OU DE TERCE,INTERNA;NAO PROGRAMADA;TERCEIROS;OBJETO NA REDE,253.48,4.47,26.23,CONOLI4B5408,COMPANHIA ENERGETICA DE PERNAMBUCO,10835932000108,INTERNA,NAO PROGRAMADA,TERCEIROS,OBJETO NA REDE,NAO PROGRAMADA,RECLAMACAO_OU_INFORMACAO,PE
19447954,18379830,16173,2609907,2025-04-02 14:27:28,2025-04-05 14:50:00,INFORMAÇÃO OU RECLAMAÇÃO DO CONSUMIDOR OU DE TERCE,INTERNA;NAO PROGRAMADA;TERCEIROS;ROUBO,1473.57,72.97,2796.0,STCORC2OR00Z,COMPANHIA ENERGETICA DE PERNAMBUCO,10835932000108,INTERNA,NAO PROGRAMADA,TERCEIROS,ROUBO,NAO PROGRAMADA,RECLAMACAO_OU_INFORMACAO,PE
19452386,18385763,16166,2609303,2025-04-04 21:11:27,2025-04-05 09:01:14,INFORMAÇÃO OU RECLAMAÇÃO DO CONSUMIDOR OU DE TERCE,INTERNA;NAO PROGRAMADA;MEIO AMBIENTE;ANIMAIS,611.22,62.55,36.02,06SRT5746,COMPANHIA ENERGETICA DE PERNAMBUCO,10835932000108,INTERNA,NAO PROGRAMADA,MEIO AMBIENTE,ANIMAIS,NAO PROGRAMADA,RECLAMACAO_OU_INFORMACAO,PE
19453761,18391964,14212,2610707,2025-04-05 22:41:59,2025-04-06 00:06:15,INFORMAÇÃO OU RECLAMAÇÃO DO CONSUMIDOR OU DE TERCE,INTERNA;NAO PROGRAMADA;PROPRIAS DO SISTEMA;FALHA DE MATERIAL OU EQUIPAMENTO,7.92,17.13,59.22,16PL3567,COMPANHIA ENERGETICA DE PERNAMBUCO,10835932000108,INTERNA,NAO PROGRAMADA,PROPRIAS DO SISTEMA,FALHA DE MATERIAL OU EQUIPAMENTO,NAO PROGRAMADA,RECLAMACAO_OU_INFORMACAO,PE
19453889,18384345,14194,2611606,2025-04-06 05:49:51,2025-04-06 08:37:00,REGISTRO AUTOMÁTICO DO SISTEMA DE SUPERVISÃO DA DI,INTERNA;NAO PROGRAMADA;PROPRIAS DO SISTEMA;NAO IDENTIFICADA,33.28,64.02,69.85,06CF3318,COMPANHIA ENERGETICA DE PERNAMBUCO,10835932000108,INTERNA,NAO PROGRAMADA,PROPRIAS DO SISTEMA,NAO IDENTIFICADA,NAO PROGRAMADA,SISTEMA_SUPERVISAO_AUTOMATICO,PE
19460228,18393481,16179,2615805,2025-04-10 07:52:11,2025-04-10 22:39:51,INFORMAÇÃO OU RECLAMAÇÃO DO CONSUMIDOR OU DE TERCE,INTERNA;NAO PROGRAMADA;MEIO AMBIENTE;ANIMAIS,518.62,56.88,312.17,16AC0140,COMPANHIA ENERGETICA DE PERNAMBUCO,10835932000108,INTERNA,NAO PROGRAMADA,MEIO AMBIENTE,ANIMAIS,NAO PROGRAMADA,RECLAMACAO_OU_INFORMACAO,PE
19462133,18407966,14154,2605103,2025-04-11 08:35:10,2025-04-11 12:09:45,INFORMAÇÃO OU RECLAMAÇÃO DO CONSUMIDOR OU DE TERCE,INTERNA;NAO PROGRAMADA;PROPRIAS DO SISTEMA;FALHA DE MATERIAL OU EQUIPAMENTO,136.22,21.43,56.93,STCAFI2C8403,COMPANHIA ENERGETICA DE PERNAMBUCO,10835932000108,INTERNA,NAO PROGRAMADA,PROPRIAS DO SISTEMA,FALHA DE MATERIAL OU EQUIPAMENTO,NAO PROGRAMADA,RECLAMACAO_OU_INFORMACAO,PE
19467892,18398634,14148,2604106,2025-04-13 12:08:58,2025-04-13 13:36:00,INFORMAÇÃO OU RECLAMAÇÃO DO CONSUMIDOR OU DE TERCE,INTERNA;NAO PROGRAMADA;PROPRIAS DO SISTEMA;FALHA DE MATERIAL OU EQUIPAMENTO,7.12,13.92,66.0,06CR0152,COMPANHIA ENERGETICA DE PERNAMBUCO,10835932000108,INTERNA,NAO PROGRAMADA,PROPRIAS DO SISTEMA,FALHA DE MATERIAL OU EQUIPAMENTO,NAO PROGRAMADA,RECLAMACAO_OU_INFORMACAO,PE
19468941,S/I,16741,2611606,2025-04-14 07:33:28,2025-04-14 11:10:34,INFORMAÇÃO OU RECLAMAÇÃO DO CONSUMIDOR OU DE TERCE,INTERNA;NAO PROGRAMADA;PROPRIAS DO SISTEMA;FALHA DE MATERIAL OU EQUIPAMENTO,125.2,38.32,53.58,CONCF4B4606,COMPANHIA ENERGETICA DE PERNAMBUCO,10835932000108,INTERNA,NAO PROGRAMADA,PROPRIAS DO SISTEMA,FALHA DE MATERIAL OU EQUIPAMENTO,NAO PROGRAMADA,RECLAMACAO_OU_INFORMACAO,PE
19469284,S/I,15662,2616407,2025-04-14 09:36:30,2025-04-14 11:29:00,INFORMAÇÃO OU RECLAMAÇÃO DO CONSUMIDOR OU DE TERCE,INTERNA;NAO PROGRAMADA;NAO CLASSIFICADA,79.45,30.28,2.77,07VT0008,COMPANHIA ENERGETICA DE PERNAMBUCO,10835932000108,INTERNA,NAO PROGRAMADA,NAO CLASSIFICADA,,NAO PROGRAMADA,RECLAMACAO_OU_INFORMACAO,PE
19472001,S/I,16180,2601201,2025-04-15 15:03:21,2025-04-15 17:24:46,INFORMAÇÃO OU RECLAMAÇÃO DO CONSUMIDOR OU DE TERCE,INTERNA;NAO PROGRAMADA;PROPRIAS DO SISTEMA;SUBTENSAO,59.52,31.52,50.38,16AC0140,COMPANHIA ENERGETICA DE PERNAMBUCO,10835932000108,INTERNA,NAO PROGRAMADA,PROPRIAS DO SISTEMA,SUBTENSAO,NAO PROGRAMADA,RECLAMACAO_OU_INFORMACAO,PE
19472628,18419228,14202,2611101,2025-04-15 21:45:22,2025-04-16 10:44:19,INFORMAÇÃO OU RECLAMAÇÃO DO CONSUMIDOR OU DE TERCE,INTERNA;NAO PROGRAMADA;PROPRIAS DO SISTEMA;FALHA DE MATERIAL OU EQUIPAMENTO,765.28,10.0,3.67,4CJ403,COMPANHIA ENERGETICA DE PERNAMBUCO,10835932000108,INTERNA,NAO PROGRAMADA,PROPRIAS DO SISTEMA,FALHA DE MATERIAL OU EQUIPAMENTO,NAO PROGRAMADA,RECLAMACAO_OU_INFORMACAO,PE
19473023,S/I,16741,2611606,2025-04-16 08:01:05,2025-04-16 17:16:12,INFORMAÇÃO OU RECLAMAÇÃO DO CONSUMIDOR OU DE TERCE,INTERNA;NAO PROGRAMADA;PROPRIAS DO SISTEMA;FALHA DE MATERIAL OU EQUIPAMENTO,545.12,10.0,0.0,CONCF4B4606,COMPANHIA ENERGETICA DE PERNAMBUCO,10835932000108,INTERNA,NAO PROGRAMADA,PROPRIAS DO SISTEMA,FALHA DE MATERIAL OU EQUIPAMENTO,NAO PROGRAMADA,RECLAMACAO_OU_INFORMACAO,PE
19473254,18405866,16172,2607901,2025-04-16 09:29:53,2025-04-16 13:58:05,INFORMAÇÃO OU RECLAMAÇÃO DO CONSUMIDOR OU DE TERCE,INTERNA;NAO PROGRAMADA;PROPRIAS DO SISTEMA;FALHA DE MATERIAL OU EQUIPAMENTO,198.17,41.62,28.42,08JB7397,COMPANHIA ENERGETICA DE PERNAMBUCO,10835932000108,INTERNA,NAO PROGRAMADA,PROPRIAS DO SISTEMA,FALHA DE MATERIAL OU EQUIPAMENTO,NAO PROGRAMADA,RECLAMACAO_OU_INFORMACAO,PE
19474007,18407217,14198,2610707,2025-04-16 15:31:13,2025-04-17 09:19:35,INFORMAÇÃO OU RECLAMAÇÃO DO CONSUMIDOR OU DE TERCE,INTERNA;NAO PROGRAMADA;TERCEIROS;DEFEITO INTERNO NAO AFETANDO OUTRAS UNIDADES CONSU,302.13,25.65,740.58,16PL3567,COMPANHIA ENERGETICA DE PERNAMBUCO,10835932000108,INTERNA,NAO PROGRAMADA,TERCEIROS,DEFEITO INTERNO NAO AFETANDO OUTRAS UNIDADES CONSU,NAO PROGRAMADA,RECLAMACAO_OU_INFORMACAO,PE
19475205,18414468,14218,2611606,2025-04-17 11:00:30,2025-04-17 14:41:46,INFORMAÇÃO OU RECLAMAÇÃO DO CONSUMIDOR OU DE TERCE,INTERNA;NAO PROGRAMADA;TERCEIROS;VANDALISMO,120.28,36.62,64.37,06CF3318,COMPANHIA ENERGETICA DE PERNAMBUCO,10835932000108,INTERNA,NAO PROGRAMADA,TERCEIROS,VANDALISMO,NAO PROGRAMADA,RECLAMACAO_OU_INFORMACAO,PE
19476224,18408578,15659,2602902,2025-04-18 06:20:36,2025-04-18 08:15:02,INFORMAÇÃO OU RECLAMAÇÃO DO CONSUMIDOR OU DE TERCE,INTERNA;NAO PROGRAMADA;PROPRIAS DO SISTEMA;FALHA DE MATERIAL OU EQUIPAMENTO,30.22,25.67,58.55,06CB3585,COMPANHIA ENERGETICA DE PERNAMBUCO,10835932000108,INTERNA,NAO PROGRAMADA,PROPRIAS DO SISTEMA,FALHA DE MATERIAL OU EQUIPAMENTO,NAO PROGRAMADA,RECLAMACAO_OU_INFORMACAO,PE
19476259,18408664,14134,2610608,2025-04-18 07:03:50,2025-04-18 09:08:12,INFORMAÇÃO OU RECLAMAÇÃO DO CONSUMIDOR OU DE TERCE,INTERNA;NAO PROGRAMADA;MEIO AMBIENTE;ARVORE OU VEGETACAO,55.67,42.35,26.35,08CP3492,COMPANHIA ENERGETICA DE PERNAMBUCO,10835932000108,INTERNA,NAO PROGRAMADA,MEIO AMBIENTE,ARVORE OU VEGETACAO,NAO PROGRAMADA,RECLAMACAO_OU_INFORMACAO,PE
19477292,18409882,14184,2611101,2025-04-19 03:55:39,2025-04-19 08:03:20,INFORMAÇÃO OU RECLAMAÇÃO DO CONSUMIDOR OU DE TERCE,INTERNA;NAO PROGRAMADA;MEIO AMBIENTE;VENTO,159.05,47.3,41.33,06PTL0097,COMPANHIA ENERGETICA DE PERNAMBUCO,10835932000108,INTERNA,NAO PROGRAMADA,MEIO AMBIENTE,VENTO,NAO PROGRAMADA,RECLAMACAO_OU_INFORMACAO,PE
19477576,18410115,16173,2609907,2025-04-19 10:05:23,2025-04-19 12:15:35,INFORMAÇÃO OU RECLAMAÇÃO DO CONSUMIDOR OU DE TERCE,INTERNA;NAO PROGRAMADA;MEIO AMBIENTE;ANIMAIS,12.38,98.7,19.12,06ORC5839,COMPANHIA ENERGETICA DE PERNAMBUCO,10835932000108,INTERNA,NAO PROGRAMADA,MEIO AMBIENTE,ANIMAIS,NAO PROGRAMADA,RECLAMACAO_OU_INFORMACAO,PE
19479004,18411621,14118,2613206,2025-04-20 14:40:06,2025-04-20 16:55:30,INFORMAÇÃO OU RECLAMAÇÃO DO CONSUMIDOR OU DE TERCE,INTERNA;NAO PROGRAMADA;PROPRIAS DO SISTEMA;FALHA DE MATERIAL OU EQUIPAMENTO,38.75,35.25,61.4,12GA5842,COMPANHIA ENERGETICA DE PERNAMBUCO,10835932000108,INTERNA,NAO PROGRAMADA,PROPRIAS DO SISTEMA,FALHA DE MATERIAL OU EQUIPAMENTO,NAO PROGRAMADA,RECLAMACAO_OU_INFORMACAO,PE
19480037,S/I,14127,2601904,2025-04-21 10:17:44,2025-04-21 12:57:17,INFORMAÇÃO OU RECLAMAÇÃO DO CONSUMIDOR OU DE TERCE,INTERNA;NAO PROGRAMADA;NAO CLASSIFICADA,61.93,92.13,5.48,08PM3785,COMPANHIA ENERGETICA DE PERNAMBUCO,10835932000108,INTERNA,NAO PROGRAMADA,NAO CLASSIFICADA,,NAO PROGRAMADA,RECLAMACAO_OU_INFORMACAO,PE
19480925,18413780,14142,2603454,2025-04-21 22:55:15,2025-04-22 01:30:00,INFORMAÇÃO OU RECLAMAÇÃO DO CONSUMIDOR OU DE TERCE,INTERNA;NAO PROGRAMADA;PROPRIAS DO SISTEMA;FALHA DE MATERIAL OU EQUIPAMENTO,14.85,24.33,115.57,22CG3312,COMPANHIA ENERGETICA DE PERNAMBUCO,10835932000108,INTERNA,NAO PROGRAMADA,PROPRIAS DO SISTEMA,FALHA DE MATERIAL OU EQUIPAMENTO,NAO PROGRAMADA,RECLAMACAO_OU_INFORMACAO,PE
19481041,18414010,14198,2610707,2025-04-22 04:36:22,2025-04-22 06:14:14,INFORMAÇÃO OU RECLAMAÇÃO DO CONSUMIDOR OU DE TERCE,INTERNA;NAO PROGRAMADA;MEIO AMBIENTE;QUEIMADA OU INCENDIO,5.57,36.6,55.7,22PL3498,COMPANHIA ENERGETICA DE PERNAMBUCO,10835932000108,INTERNA,NAO PROGRAMADA,MEIO AMBIENTE,QUEIMADA OU INCENDIO,NAO PROGRAMADA,RECLAMACAO_OU_INFORMACAO,PE
19483588,S/I,14194,2610707,2025-04-23 09:50:12,2025-04-23 15:15:15,INFORMAÇÃO OU RECLAMAÇÃO DO CONSUMIDOR OU DE TERCE,INTERNA;NAO PROGRAMADA;MEIO AMBIENTE;ARVORE OU VEGETACAO,254.77,48.13,22.15,CONGON4BG404,COMPANHIA ENERGETICA DE PERNAMBUCO,10835932000108,INTERNA,NAO PROGRAMADA,MEIO AMBIENTE,ARVORE OU VEGETACAO,NAO PROGRAMADA,RECLAMACAO_OU_INFORMACAO,PE
19484429,18418801,16181,2610905,2025-04-23 16:30:54,2025-04-24 12:08:05,INFORMAÇÃO OU RECLAMAÇÃO DO CONSUMIDOR OU DE TERCE,INTERNA;NAO PROGRAMADA;PROPRIAS DO SISTEMA;FALHA DE MATERIAL OU EQUIPAMENTO,1030.37,55.33,91.48,07AC0110,COMPANHIA ENERGETICA DE PERNAMBUCO,10835932000108,INTERNA,NAO PROGRAMADA,PROPRIAS DO SISTEMA,FALHA DE MATERIAL OU EQUIPAMENTO,NAO PROGRAMADA,RECLAMACAO_OU_INFORMACAO,PE
19485246,18422644,16149,2613503,2025-04-24 07:41:49,2025-04-24 11:27:29,INFORMAÇÃO OU RECLAMAÇÃO DO CONSUMIDOR OU DE TERCE,INTERNA;NAO PROGRAMADA;MEIO AMBIENTE;ANIMAIS,171.77,32.17,21.73,06SRT5746,COMPANHIA ENERGETICA DE PERNAMBUCO,10835932000108,INTERNA,NAO PROGRAMADA,MEIO AMBIENTE,ANIMAIS,NAO PROGRAMADA,RECLAMACAO_OU_INFORMACAO,PE
19489871,S/I,16181,2610905,2025-04-26 11:16:52,2025-04-26 14:04:03,INFORMAÇÃO OU RECLAMAÇÃO DO CONSUMIDOR OU DE TERCE,INTERNA;NAO PROGRAMADA;NAO CLASSIFICADA,153.98,8.67,4.53,STCACV2AC01T,COMPANHIA ENERGETICA DE PERNAMBUCO,10835932000108,INTERNA,NAO PROGRAMADA,NAO CLASSIFICADA,,NAO PROGRAMADA,RECLAMACAO_OU_INFORMACAO,PE
19493419,18428386,16165,2613909,2025-04-28 16:22:42,2025-05-02 17:22:00,INFORMAÇÃO OU RECLAMAÇÃO DO CONSUMIDOR OU DE TERCE,INTERNA;NAO PROGRAMADA;PROPRIAS DO SISTEMA;FALHA DE MATERIAL OU EQUIPAMENTO,697.97,12.45,5108.88,22FRT5784,COMPANHIA ENERGETICA DE PERNAMBUCO,10835932000108,INTERNA,NAO PROGRAMADA,PROPRIAS DO SISTEMA,FALHA DE MATERIAL OU EQUIPAMENTO,NAO PROGRAMADA,RECLAMACAO_OU_INFORMACAO,PE
19494957,S/I,14132,2613305,2025-04-29 12:37:21,2025-04-30 09:36:03,INFORMAÇÃO OU RECLAMAÇÃO DO CONSUMIDOR OU DE TERCE,INTERNA;NAO PROGRAMADA;NAO CLASSIFICADA,1193.93,55.88,8.88,08BJ3519,COMPANHIA ENERGETICA DE PERNAMBUCO,10835932000108,INTERNA,NAO PROGRAMADA,NAO CLASSIFICADA,,NAO PROGRAMADA,RECLAMACAO_OU_INFORMACAO,PE
19495249,S/I,14205,2602902,2025-04-29 15:07:55,2025-04-29 16:48:32,INFORMAÇÃO OU RECLAMAÇÃO DO CONSUMIDOR OU DE TERCE,INTERNA;NAO PROGRAMADA;PROPRIAS DO SISTEMA;SUBTENSAO,48.95,20.75,30.92,DIN0047,COMPANHIA ENERGETICA DE PERNAMBUCO,10835932000108,INTERNA,NAO PROGRAMADA,PROPRIAS DO SISTEMA,SUBTENSAO,NAO PROGRAMADA,RECLAMACAO_OU_INFORMACAO,PE
19495432,S/I,14212,2609600,2025-04-29 16:45:56,2025-04-29 20:52:57,INFORMAÇÃO OU RECLAMAÇÃO DO CONSUMIDOR OU DE TERCE,INTERNA;NAO PROGRAMADA;NAO CLASSIFICADA,87.53,17.68,141.8,14OL3322,COMPANHIA ENERGETICA DE PERNAMBUCO,10835932000108,INTERNA,NAO PROGRAMADA,NAO CLASSIFICADA,,NAO PROGRAMADA,RECLAMACAO_OU_INFORMACAO,PE
19495965,18439637,14155,2611101,2025-04-30 00:49:03,2025-04-30 11:58:10,INFORMAÇÃO OU RECLAMAÇÃO DO CONSUMIDOR OU DE TERCE,INTERNA;NAO PROGRAMADA;TERCEIROS;DEFEITO INTERNO NAO AFETANDO OUTRAS UNIDADES CONSU,627.78,10.0,31.33,4CJ404,COMPANHIA ENERGETICA DE PERNAMBUCO,10835932000108,INTERNA,NAO PROGRAMADA,TERCEIROS,DEFEITO INTERNO NAO AFETANDO OUTRAS UNIDADES CONSU,NAO PROGRAMADA,RECLAMACAO_OU_INFORMACAO,PE
19496246,18439742,14160,2606002,2025-04-30 08:19:17,2025-04-30 10:35:05,INFORMAÇÃO OU RECLAMAÇÃO DO CONSUMIDOR OU DE TERCE,INTERNA;NAO PROGRAMADA;PROPRIAS DO SISTEMA;FALHA DE MATERIAL OU EQUIPAMENTO,48.53,35.82,51.45,06GA5868,COMPANHIA ENERGETICA DE PERNAMBUCO,10835932000108,INTERNA,NAO PROGRAMADA,PROPRIAS DO SISTEMA,FALHA DE MATERIAL OU EQUIPAMENTO,NAO PROGRAMADA,RECLAMACAO_OU_INFORMACAO,PE
19497058,18443787,14166,2606606,2025-04-30 14:26:11,2025-04-30 18:52:05,INFORMAÇÃO OU RECLAMAÇÃO DO CONSUMIDOR OU DE TERCE,INTERNA;NAO PROGRAMADA;PROPRIAS DO SISTEMA;FALHA DE MATERIAL OU EQUIPAMENTO,211.3,42.05,12.55,14AC5803,COMPANHIA ENERGETICA DE PERNAMBUCO,10835932000108,INTERNA,NAO PROGRAMADA,PROPRIAS DO SISTEMA,FALHA DE MATERIAL OU EQUIPAMENTO,NAO PROGRAMADA,RECLAMACAO_OU_INFORMACAO,PE
19497658,18432271,14205,2602902,2025-04-30 22:09:51,2025-05-01 02:02:23,INFORMAÇÃO OU RECLAMAÇÃO DO CONSUMIDOR OU DE TERCE,INTERNA;NAO PROGRAMADA;PROPRIAS DO SISTEMA;FALHA DE MATERIAL OU EQUIPAMENTO,56.45,5.68,170.4,22CB0103,COMPANHIA ENERGETICA DE PERNAMBUCO,10835932000108,INTERNA,NAO PROGRAMADA,PROPRIAS DO SISTEMA,FALHA DE MATERIAL OU EQUIPAMENTO,NAO PROGRAMADA,RECLAMACAO_OU_INFORMACAO,PE
19498034,18432683,14198,2610707,2025-05-01 08:28:08,2025-05-01 10:57:43,INFORMAÇÃO OU RECLAMAÇÃO DO CONSUMIDOR OU DE TERCE,INTERNA;NAO PROGRAMADA;TERCEIROS;DEFEITO INTERNO NAO AFETANDO OUTRAS UNIDADES CONSU,86.65,54.02,8.92,06PL3197,COMPANHIA ENERGETICA DE PERNAMBUCO,10835932000108,INTERNA,NAO PROGRAMADA,TERCEIROS,DEFEITO INTERNO NAO AFETANDO OUTRAS UNIDADES CONSU,NAO PROGRAMADA,RECLAMACAO_OU_INFORMACAO,PE
19498079,18439145,14194,2610707,2025-05-01 08:45:21,2025-05-01 10:23:31,INFORMAÇÃO OU RECLAMAÇÃO DO CONSUMIDOR OU DE TERCE,INTERNA;NAO PROGRAMADA;PROPRIAS DO SISTEMA;FALHA DE MATERIAL OU EQUIPAMENTO,26.68,39.88,31.6,06PL3306,COMPANHIA ENERGETICA DE PERNAMBUCO,10835932000108,INTERNA,NAO PROGRAMADA,PROPRIAS DO SISTEMA,FALHA DE MATERIAL OU EQUIPAMENTO,NAO PROGRAMADA,RECLAMACAO_OU_INFORMACAO,PE
19498746,18433737,14198,2610707,2025-05-01 17:19:08,2025-05-02 13:29:07,INFORMAÇÃO OU RECLAMAÇÃO DO CONSUMIDOR OU DE TERCE,INTERNA;NAO PROGRAMADA;PROPRIAS DO SISTEMA;FALHA DE MATERIAL OU EQUIPAMENTO,16.0,48.2,1145.78,14PL3305,COMPANHIA ENERGETICA DE PERNAMBUCO,10835932000108,INTERNA,NAO PROGRAMADA,PROPRIAS DO SISTEMA,FALHA DE MATERIAL OU EQUIPAMENTO,NAO PROGRAMADA,RECLAMACAO_OU_INFORMACAO,PE
19499855,S/I,14177,2607901,2025-05-02 11:01:19,2025-05-02 15:06:07,INFORMAÇÃO OU RECLAMAÇÃO DO CONSUMIDOR OU DE TERCE,INTERNA;NAO PROGRAMADA;MEIO AMBIENTE;QUEIMADA OU INCENDIO,195.57,31.82,17.42,14JB5781,COMPANHIA ENERGETICA DE PERNAMBUCO,10835932000108,INTERNA,NAO PROGRAMADA,MEIO AMBIENTE,QUEIMADA OU INCENDIO,NAO PROGRAMADA,RECLAMACAO_OU_INFORMACAO,PE
19500539,S/I,14161,2611606,2025-05-02 16:48:36,2025-05-02 21:48:09,INFORMAÇÃO OU RECLAMAÇÃO DO CONSUMIDOR OU DE TERCE,INTERNA;NAO PROGRAMADA;PROPRIAS DO SISTEMA;SOBRECARGA,97.07,30.05,172.43,14BV0013,COMPANHIA ENERGETICA DE PERNAMBUCO,10835932000108,INTERNA,NAO PROGRAMADA,PROPRIAS DO SISTEMA,SOBRECARGA,NAO PROGRAMADA,RECLAMACAO_OU_INFORMACAO,PE
19503782,S/I,14143,2601904,2025-05-05 09:36:31,2025-05-05 15:14:54,INFORMAÇÃO OU RECLAMAÇÃO DO CONSUMIDOR OU DE TERCE,INTERNA;NAO PROGRAMADA;PROPRIAS DO SISTEMA;SUBTENSAO,311.87,19.17,7.35,14PM0021,COMPANHIA ENERGETICA DE PERNAMBUCO,10835932000108,INTERNA,NAO PROGRAMADA,PROPRIAS DO SISTEMA,SUBTENSAO,NAO PROGRAMADA,RECLAMACAO_OU_INFORMACAO,PE
19504105,S/I,16173,2609907,2025-05-05 11:41:13,2025-05-05 16:33:24,INFORMAÇÃO OU RECLAMAÇÃO DO CONSUMIDOR OU DE TERCE,INTERNA;NAO PROGRAMADA;NAO CLASSIFICADA,277.35,12.62,2.22,STCORC2OR00X,COMPANHIA ENERGETICA DE PERNAMBUCO,10835932000108,INTERNA,NAO PROGRAMADA,NAO CLASSIFICADA,,NAO PROGRAMADA,RECLAMACAO_OU_INFORMACAO,PE
19504985,S/I,16152,2604502,2025-05-05 19:10:36,2025-05-06 16:23:51,INFORMAÇÃO OU RECLAMAÇÃO DO CONSUMIDOR OU DE TERCE,INTERNA;NAO PROGRAMADA;NAO CLASSIFICADA,1108.8,72.32,92.13,STCVSA2VT00Q,COMPANHIA ENERGETICA DE PERNAMBUCO,10835932000108,INTERNA,NAO PROGRAMADA,NAO CLASSIFICADA,,NAO PROGRAMADA,RECLAMACAO_OU_INFORMACAO,PE
19505084,S/I,16743,2611606,2025-05-05 21:29:07,2025-05-06 17:09:00,INFORMAÇÃO OU RECLAMAÇÃO DO CONSUMIDOR OU DE TERCE,INTERNA;NAO PROGRAMADA;MEIO AMBIENTE;VENTO,94.52,10.0,1075.37,22VA3478,COMPANHIA ENERGETICA DE PERNAMBUCO,10835932000108,INTERNA,NAO PROGRAMADA,MEIO AMBIENTE,VENTO,NAO PROGRAMADA,RECLAMACAO_OU_INFORMACAO,PE
19509301,S/I,14188,2609501,2025-05-08 10:36:35,2025-05-08 13:24:04,INFORMAÇÃO OU RECLAMAÇÃO DO CONSUMIDOR OU DE TERCE,INTERNA;NAO PROGRAMADA;PROPRIAS DO SISTEMA;FALHA DE MATERIAL OU EQUIPAMENTO,117.15,37.65,12.68,06TB0158,COMPANHIA ENERGETICA DE PERNAMBUCO,10835932000108,INTERNA,NAO PROGRAMADA,PROPRIAS DO SISTEMA,FALHA DE MATERIAL OU EQUIPAMENTO,NAO PROGRAMADA,RECLAMACAO_OU_INFORMACAO,PE
19509661,18446376,16153,2612455,2025-05-08 13:33:39,2025-05-08 18:11:47,INFORMAÇÃO OU RECLAMAÇÃO DO CONSUMIDOR OU DE TERCE,INTERNA;NAO PROGRAMADA;MEIO AMBIENTE;VENTO,92.87,96.42,88.85,14ORC0132,COMPANHIA ENERGETICA DE PERNAMBUCO,10835932000108,INTERNA,NAO PROGRAMADA,MEIO AMBIENTE,VENTO,NAO PROGRAMADA,RECLAMACAO_OU_INFORMACAO,PE
19509925,18447473,14229,2613701,2025-05-08 16:04:10,2025-05-09 13:19:00,INFORMAÇÃO OU RECLAMAÇÃO DO CONSUMIDOR OU DE TERCE,INTERNA;NAO PROGRAMADA;MEIO AMBIENTE;VENTO,47.4,7.88,1219.55,15CG3542,COMPANHIA ENERGETICA DE PERNAMBUCO,10835932000108,INTERNA,NAO PROGRAMADA,MEIO AMBIENTE,VENTO,NAO PROGRAMADA,RECLAMACAO_OU_INFORMACAO,PE
19510650,18447936,14212,2609600,2025-05-09 08:33:42,2025-05-09 17:46:00,INFORMAÇÃO OU RECLAMAÇÃO DO CONSUMIDOR OU DE TERCE,INTERNA;NAO PROGRAMADA;PROPRIAS DO SISTEMA;FALHA DE MATERIAL OU EQUIPAMENTO,15.58,7.72,529.0,CONOLI4B540H,COMPANHIA ENERGETICA DE PERNAMBUCO,10835932000108,INTERNA,NAO PROGRAMADA,PROPRIAS DO SISTEMA,FALHA DE MATERIAL OU EQUIPAMENTO,NAO PROGRAMADA,RECLAMACAO_OU_INFORMACAO,PE
19516018,18509686,14118,2603702,2025-05-13 07:04:22,2025-05-13 09:48:04,INFORMAÇÃO OU RECLAMAÇÃO DO CONSUMIDOR OU DE TERCE,INTERNA;NAO PROGRAMADA;MEIO AMBIENTE;ARVORE OU VEGETACAO,44.95,24.15,94.6,06GA0028,COMPANHIA ENERGETICA DE PERNAMBUCO,10835932000108,INTERNA,NAO PROGRAMADA,MEIO AMBIENTE,ARVORE OU VEGETACAO,NAO PROGRAMADA,RECLAMACAO_OU_INFORMACAO,PE
19516087,18453507,14124,2611606,2025-05-13 07:43:01,2025-05-13 10:35:03,INFORMAÇÃO OU RECLAMAÇÃO DO CONSUMIDOR OU DE TERCE,INTERNA;NAO PROGRAMADA;TERCEIROS;INTERFERENCIA DE TERCEIROS,27.65,17.73,126.65,CONOLI4B5408,COMPANHIA ENERGETICA DE PERNAMBUCO,10835932000108,INTERNA,NAO PROGRAMADA,TERCEIROS,INTERFERENCIA DE TERCEIROS,NAO PROGRAMADA,RECLAMACAO_OU_INFORMACAO,PE
19518309,18457645,16166,2603926,2025-05-14 10:36:50,2025-05-15 09:08:27,INFORMAÇÃO OU RECLAMAÇÃO DO CONSUMIDOR OU DE TERCE,INTERNA;NAO PROGRAMADA;PROPRIAS DO SISTEMA;SUBTENSAO,120.97,10.8,1219.85,06SRT5746,COMPANHIA ENERGETICA DE PERNAMBUCO,10835932000108,INTERNA,NAO PROGRAMADA,PROPRIAS DO SISTEMA,SUBTENSAO,NAO PROGRAMADA,RECLAMACAO_OU_INFORMACAO,PE
19525616,18463644,14214,2611606,2025-05-17 09:17:04,2025-05-17 13:04:16,INFORMAÇÃO OU RECLAMAÇÃO DO CONSUMIDOR OU DE TERCE,INTERNA;NAO PROGRAMADA;PROPRIAS DO SISTEMA;SOBRECARGA,133.05,12.9,81.25,06BV0015,COMPANHIA ENERGETICA DE PERNAMBUCO,10835932000108,INTERNA,NAO PROGRAMADA,PROPRIAS DO SISTEMA,SOBRECARGA,NAO PROGRAMADA,RECLAMACAO_OU_INFORMACAO,PE
19526907,S/I,16185,2611606,2025-05-17 20:15:53,2025-05-18 08:21:11,INFORMAÇÃO OU RECLAMAÇÃO DO CONSUMIDOR OU DE TERCE,INTERNA;NAO PROGRAMADA;PROPRIAS DO SISTEMA;FALHA DE MATERIAL OU EQUIPAMENTO,689.87,12.53,22.9,06CF3318,COMPANHIA ENERGETICA DE PERNAMBUCO,10835932000108,INTERNA,NAO PROGRAMADA,PROPRIAS DO SISTEMA,FALHA DE MATERIAL OU EQUIPAMENTO,NAO PROGRAMADA,RECLAMACAO_OU_INFORMACAO,PE
19527637,18468041,14179,2602902,2025-05-18 08:47:21,2025-05-18 17:07:08,INFORMAÇÃO OU RECLAMAÇÃO DO CONSUMIDOR OU DE TERCE,INTERNA;NAO PROGRAMADA;MEIO AMBIENTE;ARVORE OU VEGETACAO,312.0,24.51667,163.26667,06RB3545,COMPANHIA ENERGETICA DE PERNAMBUCO,10835932000108,INTERNA,NAO PROGRAMADA,MEIO AMBIENTE,ARVORE OU VEGETACAO,NAO PROGRAMADA,RECLAMACAO_OU_INFORMACAO,PE
19527806,18482054,14238,2609105,2025-05-18 09:43:18,2025-05-18 13:21:00,INFORMAÇÃO OU RECLAMAÇÃO DO CONSUMIDOR OU DE TERCE,INTERNA;NAO PROGRAMADA;MEIO AMBIENTE;VENTO,66.75,126.95,24.0,06SR0127,COMPANHIA ENERGETICA DE PERNAMBUCO,10835932000108,INTERNA,NAO PROGRAMADA,MEIO AMBIENTE,VENTO,NAO PROGRAMADA,RECLAMACAO_OU_INFORMACAO,PE
19529005,18493817,16150,2604304,2025-05-18 22:50:25,2025-05-19 00:24:27,INFORMAÇÃO OU RECLAMAÇÃO DO CONSUMIDOR OU DE TERCE,INTERNA;NAO PROGRAMADA;TERCEIROS;DEFEITO INTERNO NAO AFETANDO OUTRAS UNIDADES CONSU,55.92,15.8,22.32,22SRT5787,COMPANHIA ENERGETICA DE PERNAMBUCO,10835932000108,INTERNA,NAO PROGRAMADA,TERCEIROS,DEFEITO INTERNO NAO AFETANDO OUTRAS UNIDADES CONSU,NAO PROGRAMADA,RECLAMACAO_OU_INFORMACAO,PE
19531060,S/I,14206,2602902,2025-05-19 18:31:41,2025-05-20 09:36:19,INFORMAÇÃO OU RECLAMAÇÃO DO CONSUMIDOR OU DE TERCE,INTERNA;NAO PROGRAMADA;NAO CLASSIFICADA,842.22,12.15,50.27,STCCBO2CB00S,COMPANHIA ENERGETICA DE PERNAMBUCO,10835932000108,INTERNA,NAO PROGRAMADA,NAO CLASSIFICADA,,NAO PROGRAMADA,RECLAMACAO_OU_INFORMACAO,PE
19531151,18469369,14177,2607901,2025-05-19 19:07:45,2025-05-20 03:51:37,INFORMAÇÃO OU RECLAMAÇÃO DO CONSUMIDOR OU DE TERCE,INTERNA;NAO PROGRAMADA;PROPRIAS DO SISTEMA;FALHA DE MATERIAL OU EQUIPAMENTO,325.25,35.12,163.5,22JB3342,COMPANHIA ENERGETICA DE PERNAMBUCO,10835932000108,INTERNA,NAO PROGRAMADA,PROPRIAS DO SISTEMA,FALHA DE MATERIAL OU EQUIPAMENTO,NAO PROGRAMADA,RECLAMACAO_OU_INFORMACAO,PE
19535474,S/I,14206,2607901,2025-05-21 10:55:27,2025-05-21 16:06:00,INFORMAÇÃO OU RECLAMAÇÃO DO CONSUMIDOR OU DE TERCE,INTERNA;NAO PROGRAMADA;TERCEIROS;DEFEITO INTERNO NAO AFETANDO OUTRAS UNIDADES CONSU,265.23,21.1,24.22,STCPDD2BQ406,COMPANHIA ENERGETICA DE PERNAMBUCO,10835932000108,INTERNA,NAO PROGRAMADA,TERCEIROS,DEFEITO INTERNO NAO AFETANDO OUTRAS UNIDADES CONSU,NAO PROGRAMADA,RECLAMACAO_OU_INFORMACAO,PE
19536459,18487926,14119,2601102,2025-05-21 15:52:44,2025-05-22 07:40:40,INFORMAÇÃO OU RECLAMAÇÃO DO CONSUMIDOR OU DE TERCE,INTERNA;NAO PROGRAMADA;MEIO AMBIENTE;VENTO,861.91667,43.13333,42.88333,06ARR5833,COMPANHIA ENERGETICA DE PERNAMBUCO,10835932000108,INTERNA,NAO PROGRAMADA,MEIO AMBIENTE,VENTO,NAO PROGRAMADA,RECLAMACAO_OU_INFORMACAO,PE
19539442,S/I,14206,2607901,2025-05-22 20:17:17,2025-05-23 01:53:18,INFORMAÇÃO OU RECLAMAÇÃO DO CONSUMIDOR OU DE TERCE,INTERNA;NAO PROGRAMADA;NAO CLASSIFICADA,281.3,37.8,16.92,22PD0023,COMPANHIA ENERGETICA DE PERNAMBUCO,10835932000108,INTERNA,NAO PROGRAMADA,NAO CLASSIFICADA,,NAO PROGRAMADA,RECLAMACAO_OU_INFORMACAO,PE
19539454,S/I,14162,2608503,2025-05-22 20:35:48,2025-05-23 01:45:37,INFORMAÇÃO OU RECLAMAÇÃO DO CONSUMIDOR OU DE TERCE,INTERNA;NAO PROGRAMADA;NAO CLASSIFICADA,279.17,23.0,7.65,22CP0074,COMPANHIA ENERGETICA DE PERNAMBUCO,10835932000108,INTERNA,NAO PROGRAMADA,NAO CLASSIFICADA,,NAO PROGRAMADA,RECLAMACAO_OU_INFORMACAO,PE
19539572,S/I,14228,2614501,2025-05-22 23:33:05,2025-05-23 14:06:06,INFORMAÇÃO OU RECLAMAÇÃO DO CONSUMIDOR OU DE TERCE,INTERNA;NAO PROGRAMADA;PROPRIAS DO SISTEMA;SUBTENSAO,833.57,20.38,19.07,STCSRB2SC022,COMPANHIA ENERGETICA DE PERNAMBUCO,10835932000108,INTERNA,NAO PROGRAMADA,PROPRIAS DO SISTEMA,SUBTENSAO,NAO PROGRAMADA,RECLAMACAO_OU_INFORMACAO,PE
19540810,18479117,14118,2603702,2025-05-23 10:50:36,2025-05-24 15:18:50,INFORMAÇÃO OU RECLAMAÇÃO DO CONSUMIDOR OU DE TERCE,INTERNA;NAO PROGRAMADA;MEIO AMBIENTE;ARVORE OU VEGETACAO,219.88333,57.75,1430.6,STCGRH2GR01U,COMPANHIA ENERGETICA DE PERNAMBUCO,10835932000108,INTERNA,NAO PROGRAMADA,MEIO AMBIENTE,ARVORE OU VEGETACAO,NAO PROGRAMADA,RECLAMACAO_OU_INFORMACAO,PE
19540494,S/I,14219,2609600,2025-05-23 11:26:19,2025-05-23 16:11:19,INFORMAÇÃO OU RECLAMAÇÃO DO CONSUMIDOR OU DE TERCE,INTERNA;NAO PROGRAMADA;NAO CLASSIFICADA,233.35,30.37,21.28,CONOLI4B5408,COMPANHIA ENERGETICA DE PERNAMBUCO,10835932000108,INTERNA,NAO PROGRAMADA,NAO CLASSIFICADA,,NAO PROGRAMADA,RECLAMACAO_OU_INFORMACAO,PE
19541675,18480060,14204,2611606,2025-05-23 23:43:54,2025-05-24 02:04:07,INFORMAÇÃO OU RECLAMAÇÃO DO CONSUMIDOR OU DE TERCE,INTERNA;NAO PROGRAMADA;PROPRIAS DO SISTEMA;FALHA DE MATERIAL OU EQUIPAMENTO,46.28,18.15,75.78,22BV0012,COMPANHIA ENERGETICA DE PERNAMBUCO,10835932000108,INTERNA,NAO PROGRAMADA,PROPRIAS DO SISTEMA,FALHA DE MATERIAL OU EQUIPAMENTO,NAO PROGRAMADA,RECLAMACAO_OU_INFORMACAO,PE
19544142,18482634,16737,2605004,2025-05-25 11:35:45,2025-05-25 15:51:30,INFORMAÇÃO OU RECLAMAÇÃO DO CONSUMIDOR OU DE TERCE,INTERNA;NAO PROGRAMADA;PROPRIAS DO SISTEMA;FALHA DE MATERIAL OU EQUIPAMENTO,183.28,27.45,45.02,14BJ0041,COMPANHIA ENERGETICA DE PERNAMBUCO,10835932000108,INTERNA,NAO PROGRAMADA,PROPRIAS DO SISTEMA,FALHA DE MATERIAL OU EQUIPAMENTO,NAO PROGRAMADA,RECLAMACAO_OU_INFORMACAO,PE
19545369,18484506,14182,2608909,2025-05-26 07:21:43,2025-05-26 12:59:23,INFORMAÇÃO OU RECLAMAÇÃO DO CONSUMIDOR OU DE TERCE,INTERNA;NAO PROGRAMADA;MEIO AMBIENTE;VENTO,304.81667,8.46667,24.38333,06CP5862,COMPANHIA ENERGETICA DE PERNAMBUCO,10835932000108,INTERNA,NAO PROGRAMADA,MEIO AMBIENTE,VENTO,NAO PROGRAMADA,RECLAMACAO_OU_INFORMACAO,PE
19546316,18486972,14198,2610707,2025-05-26 12:54:02,2025-05-27 14:10:45,INFORMAÇÃO OU RECLAMAÇÃO DO CONSUMIDOR OU DE TERCE,INTERNA;NAO PROGRAMADA;PROPRIAS DO SISTEMA;SUBTENSAO,1209.7,24.37,282.65,CONPLT4BH40E,COMPANHIA ENERGETICA DE PERNAMBUCO,10835932000108,INTERNA,NAO PROGRAMADA,PROPRIAS DO SISTEMA,SUBTENSAO,NAO PROGRAMADA,RECLAMACAO_OU_INFORMACAO,PE
19549864,18491512,16169,2606408,2025-05-28 08:53:02,2025-05-29 12:06:16,INFORMAÇÃO OU RECLAMAÇÃO DO CONSUMIDOR OU DE TERCE,INTERNA;NAO PROGRAMADA;PROPRIAS DO SISTEMA;SUBTENSAO,782.03,10.0,841.2,14VT0011,COMPANHIA ENERGETICA DE PERNAMBUCO,10835932000108,INTERNA,NAO PROGRAMADA,PROPRIAS DO SISTEMA,SUBTENSAO,NAO PROGRAMADA,RECLAMACAO_OU_INFORMACAO,PE
19550082,S/I,16175,2600807,2025-05-28 09:54:32,2025-05-28 15:54:48,INFORMAÇÃO OU RECLAMAÇÃO DO CONSUMIDOR OU DE TERCE,INTERNA;NAO PROGRAMADA;PROPRIAS DO SISTEMA;SUBTENSAO,299.33,40.1,20.83,08BJ3519,COMPANHIA ENERGETICA DE PERNAMBUCO,10835932000108,INTERNA,NAO PROGRAMADA,PROPRIAS DO SISTEMA,SUBTENSAO,NAO PROGRAMADA,RECLAMACAO_OU_INFORMACAO,PE
19550763,S/I,16747,2600104,2025-05-28 15:17:58,2025-05-28 18:45:57,INFORMAÇÃO OU RECLAMAÇÃO DO CONSUMIDOR OU DE TERCE,INTERNA;NAO PROGRAMADA;MEIO AMBIENTE;EROSAO,114.65,37.83,55.5,14AFI0153,COMPANHIA ENERGETICA DE PERNAMBUCO,10835932000108,INTERNA,NAO PROGRAMADA,MEIO AMBIENTE,EROSAO,NAO PROGRAMADA,RECLAMACAO_OU_INFORMACAO,PE
19552260,S/I,16152,2616407,2025-05-29 11:23:48,2025-05-30 23:30:00,INFORMAÇÃO OU RECLAMAÇÃO DO CONSUMIDOR OU DE TERCE,INTERNA;NAO PROGRAMADA;MEIO AMBIENTE;EROSAO,1305.2,28.4,832.6,06VT0013,COMPANHIA ENERGETICA DE PERNAMBUCO,10835932000108,INTERNA,NAO PROGRAMADA,MEIO AMBIENTE,EROSAO,NAO PROGRAMADA,RECLAMACAO_OU_INFORMACAO,PE
19554416,18498951,15662,2616407,2025-05-30 13:23:35,2025-05-30 15:31:44,INFORMAÇÃO OU RECLAMAÇÃO DO CONSUMIDOR OU DE TERCE,INTERNA;NAO PROGRAMADA;PROPRIAS DO SISTEMA;FALHA DE MATERIAL OU EQUIPAMENTO,20.57,61.43,46.15,STCVSA2VT00K,COMPANHIA ENERGETICA DE PERNAMBUCO,10835932000108,INTERNA,NAO PROGRAMADA,PROPRIAS DO SISTEMA,FALHA DE MATERIAL OU EQUIPAMENTO,NAO PROGRAMADA,RECLAMACAO_OU_INFORMACAO,PE
19554812,18495039,14177,2607901,2025-05-30 16:45:58,2025-05-30 20:35:00,INFORMAÇÃO OU RECLAMAÇÃO DO CONSUMIDOR OU DE TERCE,INTERNA;NAO PROGRAMADA;TERCEIROS;INTERFERENCIA DE TERCEIROS,133.07,39.03,56.93,14JB5781,COMPANHIA ENERGETICA DE PERNAMBUCO,10835932000108,INTERNA,NAO PROGRAMADA,TERCEIROS,INTERFERENCIA DE TERCEIROS,NAO PROGRAMADA,RECLAMACAO_OU_INFORMACAO,PE
19556456,18496785,14198,2610707,2025-05-31 17:59:24,2025-05-31 20:31:45,INFORMAÇÃO OU RECLAMAÇÃO DO CONSUMIDOR OU DE TERCE,INTERNA;NAO PROGRAMADA;PROPRIAS DO SISTEMA;SOBRECARGA,37.95,34.05,80.35,16PL3496,COMPANHIA ENERGETICA DE PERNAMBUCO,10835932000108,INTERNA,NAO PROGRAMADA,PROPRIAS DO SISTEMA,SOBRECARGA,NAO PROGRAMADA,RECLAMACAO_OU_INFORMACAO,PE
19557005,18497458,16744,2607901,2025-06-01 09:00:35,2025-06-01 12:14:53,INFORMAÇÃO OU RECLAMAÇÃO DO CONSUMIDOR OU DE TERCE,INTERNA;NAO PROGRAMADA;PROPRIAS DO SISTEMA;FALHA DE MATERIAL OU EQUIPAMENTO,113.8,35.32,45.18,06JB0140,COMPANHIA ENERGETICA DE PERNAMBUCO,10835932000108,INTERNA,NAO PROGRAMADA,PROPRIAS DO SISTEMA,FALHA DE MATERIAL OU EQUIPAMENTO,NAO PROGRAMADA,RECLAMACAO_OU_INFORMACAO,PE
19557960,18498837,14139,2602902,2025-06-02 08:13:21,2025-06-02 11:16:00,INFORMAÇÃO OU RECLAMAÇÃO DO CONSUMIDOR OU DE TERCE,INTERNA;NAO PROGRAMADA;PROPRIAS DO SISTEMA;SUBTENSAO,103.33,24.08,55.23,06CB3585,COMPANHIA ENERGETICA DE PERNAMBUCO,10835932000108,INTERNA,NAO PROGRAMADA,PROPRIAS DO SISTEMA,SUBTENSAO,NAO PROGRAMADA,RECLAMACAO_OU_INFORMACAO,PE
19558493,S/I,14144,2604106,2025-06-02 11:49:57,2025-06-02 17:30:31,INFORMAÇÃO OU RECLAMAÇÃO DO CONSUMIDOR OU DE TERCE,INTERNA;NAO PROGRAMADA;MEIO AMBIENTE;ARVORE OU VEGETACAO,304.6,27.28,8.68,14CR0073,COMPANHIA ENERGETICA DE PERNAMBUCO,10835932000108,INTERNA,NAO PROGRAMADA,MEIO AMBIENTE,ARVORE OU VEGETACAO,NAO PROGRAMADA,RECLAMACAO_OU_INFORMACAO,PE
19559366,S/I,14206,2607901,2025-06-02 20:01:08,2025-06-03 12:55:47,INFORMAÇÃO OU RECLAMAÇÃO DO CONSUMIDOR OU DE TERCE,INTERNA;NAO PROGRAMADA;PROPRIAS DO SISTEMA;SUBTENSAO,890.33,20.53,103.78,STCPDD2BQ409,COMPANHIA ENERGETICA DE PERNAMBUCO,10835932000108,INTERNA,NAO PROGRAMADA,PROPRIAS DO SISTEMA,SUBTENSAO,NAO PROGRAMADA,RECLAMACAO_OU_INFORMACAO,PE
19560429,18502854,14126,2601706,2025-06-03 13:01:38,2025-06-04 08:51:34,INFORMAÇÃO OU RECLAMAÇÃO DO CONSUMIDOR OU DE TERCE,INTERNA;NAO PROGRAMADA;PROPRIAS DO SISTEMA;FALHA DE MATERIAL OU EQUIPAMENTO,1025.65,33.45,130.83,06BJ0018,COMPANHIA ENERGETICA DE PERNAMBUCO,10835932000108,INTERNA,NAO PROGRAMADA,PROPRIAS DO SISTEMA,FALHA DE MATERIAL OU EQUIPAMENTO,NAO PROGRAMADA,RECLAMACAO_OU_INFORMACAO,PE
19562559,18506846,16178,2608800,2025-06-04 16:08:53,2025-06-04 19:11:12,INFORMAÇÃO OU RECLAMAÇÃO DO CONSUMIDOR OU DE TERCE,INTERNA;NAO PROGRAMADA;TERCEIROS;DEFEITO INTERNO NAO AFETANDO OUTRAS UNIDADES CONSU,128.33,33.27,20.72,16GA5744,COMPANHIA ENERGETICA DE PERNAMBUCO,10835932000108,INTERNA,NAO PROGRAMADA,TERCEIROS,DEFEITO INTERNO NAO AFETANDO OUTRAS UNIDADES CONSU,NAO PROGRAMADA,RECLAMACAO_OU_INFORMACAO,PE
19563135,18504586,14206,2602902,2025-06-05 00:19:30,2025-06-05 04:29:50,INFORMAÇÃO OU RECLAMAÇÃO DO CONSUMIDOR OU DE TERCE,INTERNA;NAO PROGRAMADA;TERCEIROS;DEFEITO INTERNO NAO AFETANDO OUTRAS UNIDADES CONSU,168.9,16.62,64.82,22PD0023,COMPANHIA ENERGETICA DE PERNAMBUCO,10835932000108,INTERNA,NAO PROGRAMADA,TERCEIROS,DEFEITO INTERNO NAO AFETANDO OUTRAS UNIDADES CONSU,NAO PROGRAMADA,RECLAMACAO_OU_INFORMACAO,PE
19563314,18504670,14127,2601904,2025-06-05 07:07:26,2025-06-05 08:07:30,REGISTRO AUTOMÁTICO DO SISTEMA DE SUPERVISÃO DA DI,INTERNA;NAO PROGRAMADA;TERCEIROS;OBJETO NA REDE,19.48,17.55,23.03,06PM3533,COMPANHIA ENERGETICA DE PERNAMBUCO,10835932000108,INTERNA,NAO PROGRAMADA,TERCEIROS,OBJETO NA REDE,NAO PROGRAMADA,SISTEMA_SUPERVISAO_AUTOMATICO,PE
19563354,S/I,14151,2604601,2025-06-05 07:39:45,2025-06-05 09:49:43,INFORMAÇÃO OU RECLAMAÇÃO DO CONSUMIDOR OU DE TERCE,INTERNA;NAO PROGRAMADA;PROPRIAS DO SISTEMA;SUBTENSAO,13.47,69.63,46.87,06GO5757,COMPANHIA ENERGETICA DE PERNAMBUCO,10835932000108,INTERNA,NAO PROGRAMADA,PROPRIAS DO SISTEMA,SUBTENSAO,NAO PROGRAMADA,RECLAMACAO_OU_INFORMACAO,PE
19565247,18508209,14152,2604700,2025-06-06 08:21:58,2025-06-06 16:12:33,INFORMAÇÃO OU RECLAMAÇÃO DO CONSUMIDOR OU DE TERCE,INTERNA;NAO PROGRAMADA;PROPRIAS DO SISTEMA;SUBTENSAO,323.03,50.85,96.7,06BCO0145,COMPANHIA ENERGETICA DE PERNAMBUCO,10835932000108,INTERNA,NAO PROGRAMADA,PROPRIAS DO SISTEMA,SUBTENSAO,NAO PROGRAMADA,RECLAMACAO_OU_INFORMACAO,PE
19565793,18508136,14177,2607901,2025-06-06 12:22:28,2025-06-06 15:54:19,INFORMAÇÃO OU RECLAMAÇÃO DO CONSUMIDOR OU DE TERCE,INTERNA;NAO PROGRAMADA;PROPRIAS DO SISTEMA;SUBTENSAO,163.72,30.65,17.48,14JB5781,COMPANHIA ENERGETICA DE PERNAMBUCO,10835932000108,INTERNA,NAO PROGRAMADA,PROPRIAS DO SISTEMA,SUBTENSAO,NAO PROGRAMADA,RECLAMACAO_OU_INFORMACAO,PE
19566224,S/I,14231,2614857,2025-06-06 16:13:49,2025-06-06 19:10:54,INFORMAÇÃO OU RECLAMAÇÃO DO CONSUMIDOR OU DE TERCE,INTERNA;NAO PROGRAMADA;NAO CLASSIFICADA,85.37,77.25,14.47,14RB3582,COMPANHIA ENERGETICA DE PERNAMBUCO,10835932000108,INTERNA,NAO PROGRAMADA,NAO CLASSIFICADA,,NAO PROGRAMADA,RECLAMACAO_OU_INFORMACAO,PE
19567083,18509727,16179,2602803,2025-06-07 10:43:00,2025-06-07 14:14:20,INFORMAÇÃO OU RECLAMAÇÃO DO CONSUMIDOR OU DE TERCE,INTERNA;NAO PROGRAMADA;MEIO AMBIENTE;DESCARGA ATMOSFERICA,113.98,55.62,41.73,06AC5816,COMPANHIA ENERGETICA DE PERNAMBUCO,10835932000108,INTERNA,NAO PROGRAMADA,MEIO AMBIENTE,DESCARGA ATMOSFERICA,NAO PROGRAMADA,RECLAMACAO_OU_INFORMACAO,PE
19567577,S/I,14182,2608909,2025-06-07 16:30:18,2025-06-07 21:32:01,INFORMAÇÃO OU RECLAMAÇÃO DO CONSUMIDOR OU DE TERCE,INTERNA;NAO PROGRAMADA;PROPRIAS DO SISTEMA;FALHA DE MATERIAL OU EQUIPAMENTO,240.93,56.5,4.28,15CP5791,COMPANHIA ENERGETICA DE PERNAMBUCO,10835932000108,INTERNA,NAO PROGRAMADA,PROPRIAS DO SISTEMA,FALHA DE MATERIAL OU EQUIPAMENTO,NAO PROGRAMADA,RECLAMACAO_OU_INFORMACAO,PE
19568729,18513361,14160,2606002,2025-06-08 19:09:19,2025-06-08 19:47:39,INFORMAÇÃO OU RECLAMAÇÃO DO CONSUMIDOR OU DE TERCE,INTERNA;NAO PROGRAMADA;PROPRIAS DO SISTEMA;FALHA DE MATERIAL OU EQUIPAMENTO,11.58,23.58,3.17,14GA5872,COMPANHIA ENERGETICA DE PERNAMBUCO,10835932000108,INTERNA,NAO PROGRAMADA,PROPRIAS DO SISTEMA,FALHA DE MATERIAL OU EQUIPAMENTO,NAO PROGRAMADA,RECLAMACAO_OU_INFORMACAO,PE
19569668,18512836,14155,2611101,2025-06-09 13:06:54,2025-06-09 14:52:12,INFORMAÇÃO OU RECLAMAÇÃO DO CONSUMIDOR OU DE TERCE,INTERNA;NAO PROGRAMADA;PROPRIAS DO SISTEMA;SUBTENSAO,14.1,26.93,64.27,06PTL0098,COMPANHIA ENERGETICA DE PERNAMBUCO,10835932000108,INTERNA,NAO PROGRAMADA,PROPRIAS DO SISTEMA,SUBTENSAO,NAO PROGRAMADA,RECLAMACAO_OU_INFORMACAO,PE
19571316,S/I,15662,2616407,2025-06-10 13:37:33,2025-06-10 18:03:03,INFORMAÇÃO OU RECLAMAÇÃO DO CONSUMIDOR OU DE TERCE,INTERNA;NAO PROGRAMADA;MEIO AMBIENTE;ARVORE OU VEGETACAO,197.73,17.93,49.83,14VT0003,COMPANHIA ENERGETICA DE PERNAMBUCO,10835932000108,INTERNA,NAO PROGRAMADA,MEIO AMBIENTE,ARVORE OU VEGETACAO,NAO PROGRAMADA,RECLAMACAO_OU_INFORMACAO,PE
19572895,18517181,14154,2605103,2025-06-11 13:53:05,2025-06-11 15:13:38,INFORMAÇÃO OU RECLAMAÇÃO DO CONSUMIDOR OU DE TERCE,INTERNA;NAO PROGRAMADA;TERCEIROS;DEFEITO INTERNO NAO AFETANDO OUTRAS UNIDADES CONSU,46.53,10.0,24.02,14AFI5856,COMPANHIA ENERGETICA DE PERNAMBUCO,10835932000108,INTERNA,NAO PROGRAMADA,TERCEIROS,DEFEITO INTERNO NAO AFETANDO OUTRAS UNIDADES CONSU,NAO PROGRAMADA,RECLAMACAO_OU_INFORMACAO,PE
19573317,S/I,14144,2604106,2025-06-11 18:29:46,2025-06-12 00:59:51,INFORMAÇÃO OU RECLAMAÇÃO DO CONSUMIDOR OU DE TERCE,INTERNA;NAO PROGRAMADA;NAO CLASSIFICADA,305.18,83.22,1.68,22CR5853,COMPANHIA ENERGETICA DE PERNAMBUCO,10835932000108,INTERNA,NAO PROGRAMADA,NAO CLASSIFICADA,,NAO PROGRAMADA,RECLAMACAO_OU_INFORMACAO,PE
19573571,18519222,16739,2607208,2025-06-12 06:19:31,2025-06-12 13:08:14,INFORMAÇÃO OU RECLAMAÇÃO DO CONSUMIDOR OU DE TERCE,INTERNA;NAO PROGRAMADA;TERCEIROS;INTERFERENCIA DE TERCEIROS,11.57,36.02,361.13,06CB0101,COMPANHIA ENERGETICA DE PERNAMBUCO,10835932000108,INTERNA,NAO PROGRAMADA,TERCEIROS,INTERFERENCIA DE TERCEIROS,NAO PROGRAMADA,RECLAMACAO_OU_INFORMACAO,PE
19574218,S/I,14147,2604007,2025-06-12 12:11:21,2025-06-12 13:12:16,INFORMAÇÃO OU RECLAMAÇÃO DO CONSUMIDOR OU DE TERCE,INTERNA;NAO PROGRAMADA;NAO CLASSIFICADA,25.55,30.63,4.73,08CP3492,COMPANHIA ENERGETICA DE PERNAMBUCO,10835932000108,INTERNA,NAO PROGRAMADA,NAO CLASSIFICADA,,NAO PROGRAMADA,RECLAMACAO_OU_INFORMACAO,PE
19575366,18520822,14238,2602704,2025-06-13 09:02:08,2025-06-13 17:24:42,INFORMAÇÃO OU RECLAMAÇÃO DO CONSUMIDOR OU DE TERCE,INTERNA;NAO PROGRAMADA;PROPRIAS DO SISTEMA;FALHA DE MATERIAL OU EQUIPAMENTO,403.28,45.95,53.33,14TB5863,COMPANHIA ENERGETICA DE PERNAMBUCO,10835932000108,INTERNA,NAO PROGRAMADA,PROPRIAS DO SISTEMA,FALHA DE MATERIAL OU EQUIPAMENTO,NAO PROGRAMADA,RECLAMACAO_OU_INFORMACAO,PE
19576358,18521644,14139,2602902,2025-06-13 16:10:14,2025-06-14 05:44:25,INFORMAÇÃO OU RECLAMAÇÃO DO CONSUMIDOR OU DE TERCE,INTERNA;NAO PROGRAMADA;PROPRIAS DO SISTEMA;FALHA DE MATERIAL OU EQUIPAMENTO,722.07,20.63,71.48,22CB0103,COMPANHIA ENERGETICA DE PERNAMBUCO,10835932000108,INTERNA,NAO PROGRAMADA,PROPRIAS DO SISTEMA,FALHA DE MATERIAL OU EQUIPAMENTO,NAO PROGRAMADA,RECLAMACAO_OU_INFORMACAO,PE
19576456,18521138,15663,2615300,2025-06-13 16:48:38,2025-06-13 19:17:18,INFORMAÇÃO OU RECLAMAÇÃO DO CONSUMIDOR OU DE TERCE,INTERNA;NAO PROGRAMADA;MEIO AMBIENTE;QUEIMADA OU INCENDIO,8.2,9.97,130.5,14TB5861,COMPANHIA ENERGETICA DE PERNAMBUCO,10835932000108,INTERNA,NAO PROGRAMADA,MEIO AMBIENTE,QUEIMADA OU INCENDIO,NAO PROGRAMADA,RECLAMACAO_OU_INFORMACAO,PE
19576636,18521794,14145,2602100,2025-06-13 18:38:54,2025-06-14 08:55:07,INFORMAÇÃO OU RECLAMAÇÃO DO CONSUMIDOR OU DE TERCE,INTERNA;NAO PROGRAMADA;PROPRIAS DO SISTEMA;SOBRECARGA,67.45,10.0,778.77,16BCO5852,COMPANHIA ENERGETICA DE PERNAMBUCO,10835932000108,INTERNA,NAO PROGRAMADA,PROPRIAS DO SISTEMA,SOBRECARGA,NAO PROGRAMADA,RECLAMACAO_OU_INFORMACAO,PE
19580776,S/I,14161,2611606,2025-06-16 02:29:30,2025-06-16 14:43:18,INFORMAÇÃO OU RECLAMAÇÃO DO CONSUMIDOR OU DE TERCE,INTERNA;NAO PROGRAMADA;NAO CLASSIFICADA,28.5,6.08,699.22,22BI0006,COMPANHIA ENERGETICA DE PERNAMBUCO,10835932000108,INTERNA,NAO PROGRAMADA,NAO CLASSIFICADA,,NAO PROGRAMADA,RECLAMACAO_OU_INFORMACAO,PE
19583143,18528207,16736,2601607,2025-06-17 08:23:11,2025-06-17 10:44:49,INFORMAÇÃO OU RECLAMAÇÃO DO CONSUMIDOR OU DE TERCE,INTERNA;NAO PROGRAMADA;PROPRIAS DO SISTEMA;FALHA DE MATERIAL OU EQUIPAMENTO,33.88,78.65,29.1,08FRT0126,COMPANHIA ENERGETICA DE PERNAMBUCO,10835932000108,INTERNA,NAO PROGRAMADA,PROPRIAS DO SISTEMA,FALHA DE MATERIAL OU EQUIPAMENTO,NAO PROGRAMADA,RECLAMACAO_OU_INFORMACAO,PE
19583425,18530197,14142,2603454,2025-06-17 09:53:09,2025-06-17 12:37:39,INFORMAÇÃO OU RECLAMAÇÃO DO CONSUMIDOR OU DE TERCE,INTERNA;NAO PROGRAMADA;TERCEIROS;DEFEITO INTERNO NAO AFETANDO OUTRAS UNIDADES CONSU,104.83,41.25,18.42,07CG5759,COMPANHIA ENERGETICA DE PERNAMBUCO,10835932000108,INTERNA,NAO PROGRAMADA,TERCEIROS,DEFEITO INTERNO NAO AFETANDO OUTRAS UNIDADES CONSU,NAO PROGRAMADA,RECLAMACAO_OU_INFORMACAO,PE
19584832,18531176,14135,2606002,2025-06-17 21:13:49,2025-06-18 17:12:29,INFORMAÇÃO OU RECLAMAÇÃO DO CONSUMIDOR OU DE TERCE,INTERNA;NAO PROGRAMADA;MEIO AMBIENTE;ARVORE OU VEGETACAO,1081.35,80.83333,36.48333,STCGRH2GR023,COMPANHIA ENERGETICA DE PERNAMBUCO,10835932000108,INTERNA,NAO PROGRAMADA,MEIO AMBIENTE,ARVORE OU VEGETACAO,NAO PROGRAMADA,RECLAMACAO_OU_INFORMACAO,PE
19587639,18559147,14144,2604106,2025-06-19 07:43:21,2025-06-19 13:31:34,INFORMAÇÃO OU RECLAMAÇÃO DO CONSUMIDOR OU DE TERCE,INTERNA;NAO PROGRAMADA;MEIO AMBIENTE;ARVORE OU VEGETACAO,76.56667,28.36667,243.28333,STCCRR2CR01P,COMPANHIA ENERGETICA DE PERNAMBUCO,10835932000108,INTERNA,NAO PROGRAMADA,MEIO AMBIENTE,ARVORE OU VEGETACAO,NAO PROGRAMADA,RECLAMACAO_OU_INFORMACAO,PE
19589990,S/I,16184,2611606,2025-06-20 09:29:32,2025-06-23 00:23:19,INFORMAÇÃO OU RECLAMAÇÃO DO CONSUMIDOR OU DE TERCE,INTERNA;NAO PROGRAMADA;MEIO AMBIENTE;ARVORE OU VEGETACAO,3724.37,44.2,5.22,22CF3376,COMPANHIA ENERGETICA DE PERNAMBUCO,10835932000108,INTERNA,NAO PROGRAMADA,MEIO AMBIENTE,ARVORE OU VEGETACAO,NAO PROGRAMADA,RECLAMACAO_OU_INFORMACAO,PE
19590902,18542967,14148,2604106,2025-06-20 15:55:25,2025-06-22 18:24:53,INFORMAÇÃO OU RECLAMAÇÃO DO CONSUMIDOR OU DE TERCE,INTERNA;NAO PROGRAMADA;PROPRIAS DO SISTEMA;SUBTENSAO,2911.85,17.12,100.5,14CR5821,COMPANHIA ENERGETICA DE PERNAMBUCO,10835932000108,INTERNA,NAO PROGRAMADA,PROPRIAS DO SISTEMA,SUBTENSAO,NAO PROGRAMADA,RECLAMACAO_OU_INFORMACAO,PE
19591135,18536272,14153,2600054,2025-06-20 18:03:40,2025-06-20 21:20:04,INFORMAÇÃO OU RECLAMAÇÃO DO CONSUMIDOR OU DE TERCE,INTERNA;NAO PROGRAMADA;PROPRIAS DO SISTEMA;FALHA DE MATERIAL OU EQUIPAMENTO,127.65,18.33,50.42,14PL3305,COMPANHIA ENERGETICA DE PERNAMBUCO,10835932000108,INTERNA,NAO PROGRAMADA,PROPRIAS DO SISTEMA,FALHA DE MATERIAL OU EQUIPAMENTO,NAO PROGRAMADA,RECLAMACAO_OU_INFORMACAO,PE
19593361,18539079,14224,2603454,2025-06-22 08:41:03,2025-06-22 12:38:22,INFORMAÇÃO OU RECLAMAÇÃO DO CONSUMIDOR OU DE TERCE,INTERNA;NAO PROGRAMADA;PROPRIAS DO SISTEMA;FALHA DE MATERIAL OU EQUIPAMENTO,118.33,37.88,81.1,06CG3788,COMPANHIA ENERGETICA DE PERNAMBUCO,10835932000108,INTERNA,NAO PROGRAMADA,PROPRIAS DO SISTEMA,FALHA DE MATERIAL OU EQUIPAMENTO,NAO PROGRAMADA,RECLAMACAO_OU_INFORMACAO,PE
19593927,18539826,16166,2609303,2025-06-22 15:22:38,2025-06-22 16:46:22,INFORMAÇÃO OU RECLAMAÇÃO DO CONSUMIDOR OU DE TERCE,INTERNA;NAO PROGRAMADA;PROPRIAS DO SISTEMA;SOBRECARGA,15.4,28.45,39.88,14SRT0083,COMPANHIA ENERGETICA DE PERNAMBUCO,10835932000108,INTERNA,NAO PROGRAMADA,PROPRIAS DO SISTEMA,SOBRECARGA,NAO PROGRAMADA,RECLAMACAO_OU_INFORMACAO,PE
19594337,S/I,14190,2609600,2025-06-22 23:16:52,2025-06-23 00:21:22,INFORMAÇÃO OU RECLAMAÇÃO DO CONSUMIDOR OU DE TERCE,INTERNA;NAO PROGRAMADA;PROPRIAS DO SISTEMA;SUBTENSAO,39.8,12.65,12.05,22OL3303,COMPANHIA ENERGETICA DE PERNAMBUCO,10835932000108,INTERNA,NAO PROGRAMADA,PROPRIAS DO SISTEMA,SUBTENSAO,NAO PROGRAMADA,RECLAMACAO_OU_INFORMACAO,PE
19594705,18540292,16183,2611606,2025-06-23 09:14:33,2025-06-23 10:47:32,INFORMAÇÃO OU RECLAMAÇÃO DO CONSUMIDOR OU DE TERCE,INTERNA;NAO PROGRAMADA;PROPRIAS DO SISTEMA;FALHA DE MATERIAL OU EQUIPAMENTO,30.23,20.83,41.92,CONBGI4B4503,COMPANHIA ENERGETICA DE PERNAMBUCO,10835932000108,INTERNA,NAO PROGRAMADA,PROPRIAS DO SISTEMA,FALHA DE MATERIAL OU EQUIPAMENTO,NAO PROGRAMADA,RECLAMACAO_OU_INFORMACAO,PE
19594888,18540859,16164,2607901,2025-06-23 10:29:25,2025-06-23 16:28:26,INFORMAÇÃO OU RECLAMAÇÃO DO CONSUMIDOR OU DE TERCE,INTERNA;NAO PROGRAMADA;MEIO AMBIENTE;QUEIMADA OU INCENDIO,331.2,10.2,17.62,DIN0086,COMPANHIA ENERGETICA DE PERNAMBUCO,10835932000108,INTERNA,NAO PROGRAMADA,MEIO AMBIENTE,QUEIMADA OU INCENDIO,NAO PROGRAMADA,RECLAMACAO_OU_INFORMACAO,PE
19595131,18541069,16174,2602001,2025-06-23 12:56:44,2025-06-23 16:30:52,INFORMAÇÃO OU RECLAMAÇÃO DO CONSUMIDOR OU DE TERCE,INTERNA;NAO PROGRAMADA;MEIO AMBIENTE;VENTO,65.55,106.98,41.6,14ORC0132,COMPANHIA ENERGETICA DE PERNAMBUCO,10835932000108,INTERNA,NAO PROGRAMADA,MEIO AMBIENTE,VENTO,NAO PROGRAMADA,RECLAMACAO_OU_INFORMACAO,PE
19595550,18541709,14151,2600708,2025-06-23 17:46:08,2025-06-24 08:53:02,INFORMAÇÃO OU RECLAMAÇÃO DO CONSUMIDOR OU DE TERCE,INTERNA;NAO PROGRAMADA;PROPRIAS DO SISTEMA;FALHA DE MATERIAL OU EQUIPAMENTO,669.73,39.7,197.47,22TB5865,COMPANHIA ENERGETICA DE PERNAMBUCO,10835932000108,INTERNA,NAO PROGRAMADA,PROPRIAS DO SISTEMA,FALHA DE MATERIAL OU EQUIPAMENTO,NAO PROGRAMADA,RECLAMACAO_OU_INFORMACAO,PE
19596960,S/I,16176,2601508,2025-06-24 19:50:46,2025-06-26 01:49:23,INFORMAÇÃO OU RECLAMAÇÃO DO CONSUMIDOR OU DE TERCE,INTERNA;NAO PROGRAMADA;PROPRIAS DO SISTEMA;SUBTENSAO,926.4,39.57,832.65,STCPMR2PL00T,COMPANHIA ENERGETICA DE PERNAMBUCO,10835932000108,INTERNA,NAO PROGRAMADA,PROPRIAS DO SISTEMA,SUBTENSAO,NAO PROGRAMADA,RECLAMACAO_OU_INFORMACAO,PE
19597940,18544439,15659,2602902,2025-06-25 11:38:46,2025-06-25 16:36:05,INFORMAÇÃO OU RECLAMAÇÃO DO CONSUMIDOR OU DE TERCE,INTERNA;NAO PROGRAMADA;MEIO AMBIENTE;QUEIMADA OU INCENDIO,121.52,41.73,134.07,06CB3585,COMPANHIA ENERGETICA DE PERNAMBUCO,10835932000108,INTERNA,NAO PROGRAMADA,MEIO AMBIENTE,QUEIMADA OU INCENDIO,NAO PROGRAMADA,RECLAMACAO_OU_INFORMACAO,PE
19597949,S/I,16742,2611606,2025-06-25 11:44:31,2025-06-25 19:16:01,INFORMAÇÃO OU RECLAMAÇÃO DO CONSUMIDOR OU DE TERCE,INTERNA;NAO PROGRAMADA;PROPRIAS DO SISTEMA;SUBTENSAO,376.58,44.72,30.2,15BI0008,COMPANHIA ENERGETICA DE PERNAMBUCO,10835932000108,INTERNA,NAO PROGRAMADA,PROPRIAS DO SISTEMA,SUBTENSAO,NAO PROGRAMADA,RECLAMACAO_OU_INFORMACAO,PE
19598519,S/I,14233,2606200,2025-06-25 16:23:54,2025-06-26 09:48:12,INFORMAÇÃO OU RECLAMAÇÃO DO CONSUMIDOR OU DE TERCE,INTERNA;NAO PROGRAMADA;NAO CLASSIFICADA,974.62,66.93,2.75,STCGOI2BG408,COMPANHIA ENERGETICA DE PERNAMBUCO,10835932000108,INTERNA,NAO PROGRAMADA,NAO CLASSIFICADA,,NAO PROGRAMADA,RECLAMACAO_OU_INFORMACAO,PE
19599853,18546438,16181,2610905,2025-06-26 10:49:18,2025-06-26 13:29:29,INFORMAÇÃO OU RECLAMAÇÃO DO CONSUMIDOR OU DE TERCE,INTERNA;NAO PROGRAMADA;PROPRIAS DO SISTEMA;SUBTENSAO,66.02,44.53,49.63,07AC0110,COMPANHIA ENERGETICA DE PERNAMBUCO,10835932000108,INTERNA,NAO PROGRAMADA,PROPRIAS DO SISTEMA,SUBTENSAO,NAO PROGRAMADA,RECLAMACAO_OU_INFORMACAO,PE
19601082,18547698,14231,2614857,2025-06-26 20:50:28,2025-06-26 23:27:56,INFORMAÇÃO OU RECLAMAÇÃO DO CONSUMIDOR OU DE TERCE,INTERNA;NAO PROGRAMADA;MEIO AMBIENTE;DESCARGA ATMOSFERICA,89.6,43.53333,24.33333,22RB3544,COMPANHIA ENERGETICA DE PERNAMBUCO,10835932000108,INTERNA,NAO PROGRAMADA,MEIO AMBIENTE,DESCARGA ATMOSFERICA,NAO PROGRAMADA,RECLAMACAO_OU_INFORMACAO,PE
19603237,18550895,16185,2611606,2025-06-28 05:07:08,2025-06-28 09:16:47,INFORMAÇÃO OU RECLAMAÇÃO DO CONSUMIDOR OU DE TERCE,INTERNA;NAO PROGRAMADA;PROPRIAS DO SISTEMA;FALHA DE MATERIAL OU EQUIPAMENTO,221.65,5.33,22.67,06CF3318,COMPANHIA ENERGETICA DE PERNAMBUCO,10835932000108,INTERNA,NAO PROGRAMADA,PROPRIAS DO SISTEMA,FALHA DE MATERIAL OU EQUIPAMENTO,NAO PROGRAMADA,RECLAMACAO_OU_INFORMACAO,PE
19604800,18551797,16741,2611606,2025-06-28 17:31:24,2025-06-28 19:41:07,INFORMAÇÃO OU RECLAMAÇÃO DO CONSUMIDOR OU DE TERCE,INTERNA;NAO PROGRAMADA;MEIO AMBIENTE;VENTO,46.9,30.56667,52.25,14VA3314,COMPANHIA ENERGETICA DE PERNAMBUCO,10835932000108,INTERNA,NAO PROGRAMADA,MEIO AMBIENTE,VENTO,NAO PROGRAMADA,RECLAMACAO_OU_INFORMACAO,PE
19605165,18552549,14153,2610707,2025-06-28 22:30:24,2025-06-29 09:19:40,INFORMAÇÃO OU RECLAMAÇÃO DO CONSUMIDOR OU DE TERCE,INTERNA;NAO PROGRAMADA;PROPRIAS DO SISTEMA;FALHA DE MATERIAL OU EQUIPAMENTO,516.38,30.67,102.22,06PL3197,COMPANHIA ENERGETICA DE PERNAMBUCO,10835932000108,INTERNA,NAO PROGRAMADA,PROPRIAS DO SISTEMA,FALHA DE MATERIAL OU EQUIPAMENTO,NAO PROGRAMADA,RECLAMACAO_OU_INFORMACAO,PE
19605611,18552776,14212,2610707,2025-06-29 09:50:49,2025-06-29 13:33:22,INFORMAÇÃO OU RECLAMAÇÃO DO CONSUMIDOR OU DE TERCE,INTERNA;NAO PROGRAMADA;MEIO AMBIENTE;ARVORE OU VEGETACAO,45.48333,58.95,118.11667,08PL3390LV,COMPANHIA ENERGETICA DE PERNAMBUCO,10835932000108,INTERNA,NAO PROGRAMADA,MEIO AMBIENTE,ARVORE OU VEGETACAO,NAO PROGRAMADA,RECLAMACAO_OU_INFORMACAO,PE
19610579,18560529,14194,2610707,2025-07-01 15:38:45,2025-07-01 17:03:12,INFORMAÇÃO OU RECLAMAÇÃO DO CONSUMIDOR OU DE TERCE,INTERNA;NAO PROGRAMADA;TERCEIROS;DEFEITO INTERNO NAO AFETANDO OUTRAS UNIDADES CONSU,73.0,5.55,5.9,STCPLT2BH40I,COMPANHIA ENERGETICA DE PERNAMBUCO,10835932000108,INTERNA,NAO PROGRAMADA,TERCEIROS,DEFEITO INTERNO NAO AFETANDO OUTRAS UNIDADES CONSU,NAO PROGRAMADA,RECLAMACAO_OU_INFORMACAO,PE
19610589,18558274,14202,2611101,2025-07-01 15:40:34,2025-07-01 18:29:29,INFORMAÇÃO OU RECLAMAÇÃO DO CONSUMIDOR OU DE TERCE,INTERNA;NAO PROGRAMADA;FALHA OPERACIONAL;SERVICO MAL EXECUTADO,131.03,18.78,19.1,14PTL5779,COMPANHIA ENERGETICA DE PERNAMBUCO,10835932000108,INTERNA,NAO PROGRAMADA,FALHA OPERACIONAL,SERVICO MAL EXECUTADO,NAO PROGRAMADA,RECLAMACAO_OU_INFORMACAO,PE
19613150,18561668,14162,2605400,2025-07-02 18:14:26,2025-07-03 05:07:46,INFORMAÇÃO OU RECLAMAÇÃO DO CONSUMIDOR OU DE TERCE,INTERNA;NAO PROGRAMADA;NAO CLASSIFICADA,526.4,90.78,36.15,22VT0009,COMPANHIA ENERGETICA DE PERNAMBUCO,10835932000108,INTERNA,NAO PROGRAMADA,NAO CLASSIFICADA,,NAO PROGRAMADA,RECLAMACAO_OU_INFORMACAO,PE
19614074,18562586,15662,2616407,2025-07-03 10:23:26,2025-07-03 15:28:24,INFORMAÇÃO OU RECLAMAÇÃO DO CONSUMIDOR OU DE TERCE,INTERNA;NAO PROGRAMADA;PROPRIAS DO SISTEMA;FALHA DE MATERIAL OU EQUIPAMENTO,141.72,22.07,141.18,06VT0008,COMPANHIA ENERGETICA DE PERNAMBUCO,10835932000108,INTERNA,NAO PROGRAMADA,PROPRIAS DO SISTEMA,FALHA DE MATERIAL OU EQUIPAMENTO,NAO PROGRAMADA,RECLAMACAO_OU_INFORMACAO,PE
19615121,S/I,16743,2611606,2025-07-03 17:47:46,2025-07-03 18:28:15,INFORMAÇÃO OU RECLAMAÇÃO DO CONSUMIDOR OU DE TERCE,INTERNA;NAO PROGRAMADA;TERCEIROS;INTERFERENCIA DE TERCEIROS,6.0,4.82,29.67,14BV0018,COMPANHIA ENERGETICA DE PERNAMBUCO,10835932000108,INTERNA,NAO PROGRAMADA,TERCEIROS,INTERFERENCIA DE TERCEIROS,NAO PROGRAMADA,RECLAMACAO_OU_INFORMACAO,PE
19616113,S/I,15660,2607208,2025-07-04 10:53:58,2025-07-05 01:18:19,INFORMAÇÃO OU RECLAMAÇÃO DO CONSUMIDOR OU DE TERCE,INTERNA;NAO PROGRAMADA;NAO CLASSIFICADA,18.73,5.0,840.62,OLCB3304PD,COMPANHIA ENERGETICA DE PERNAMBUCO,10835932000108,INTERNA,NAO PROGRAMADA,NAO CLASSIFICADA,,NAO PROGRAMADA,RECLAMACAO_OU_INFORMACAO,PE
19620492,S/I,14157,2605301,2025-07-07 13:31:52,2025-07-07 19:26:21,INFORMAÇÃO OU RECLAMAÇÃO DO CONSUMIDOR OU DE TERCE,INTERNA;NAO PROGRAMADA;PROPRIAS DO SISTEMA;SUBTENSAO,229.35,55.25,69.88,14ORC0132,COMPANHIA ENERGETICA DE PERNAMBUCO,10835932000108,INTERNA,NAO PROGRAMADA,PROPRIAS DO SISTEMA,SUBTENSAO,NAO PROGRAMADA,RECLAMACAO_OU_INFORMACAO,PE
19624580,S/I,14198,2610707,2025-07-09 12:38:37,2025-07-10 09:02:19,INFORMAÇÃO OU RECLAMAÇÃO DO CONSUMIDOR OU DE TERCE,INTERNA;NAO PROGRAMADA;NAO CLASSIFICADA,1175.62,36.08,12.0,CONPLT4BH408,COMPANHIA ENERGETICA DE PERNAMBUCO,10835932000108,INTERNA,NAO PROGRAMADA,NAO CLASSIFICADA,,NAO PROGRAMADA,RECLAMACAO_OU_INFORMACAO,PE
19625770,18576280,14231,2614857,2025-07-10 06:06:31,2025-07-10 14:18:27,INFORMAÇÃO OU RECLAMAÇÃO DO CONSUMIDOR OU DE TERCE,INTERNA;NAO PROGRAMADA;MEIO AMBIENTE;QUEIMADA OU INCENDIO,121.97,88.13,281.83,08RB3565,COMPANHIA ENERGETICA DE PERNAMBUCO,10835932000108,INTERNA,NAO PROGRAMADA,MEIO AMBIENTE,QUEIMADA OU INCENDIO,NAO PROGRAMADA,RECLAMACAO_OU_INFORMACAO,PE
19626597,S/I,14129,2611606,2025-07-10 12:15:25,2025-07-10 16:52:36,INFORMAÇÃO OU RECLAMAÇÃO DO CONSUMIDOR OU DE TERCE,INTERNA;NAO PROGRAMADA;NAO CLASSIFICADA,225.72,21.32,30.15,STCCFT2B6402,COMPANHIA ENERGETICA DE PERNAMBUCO,10835932000108,INTERNA,NAO PROGRAMADA,NAO CLASSIFICADA,,NAO PROGRAMADA,RECLAMACAO_OU_INFORMACAO,PE
19627377,S/I,14179,2611804,2025-07-10 17:49:09,2025-07-10 20:49:27,INFORMAÇÃO OU RECLAMAÇÃO DO CONSUMIDOR OU DE TERCE,INTERNA;NAO PROGRAMADA;NAO CLASSIFICADA,120.75,46.37,13.18,15RB3551,COMPANHIA ENERGETICA DE PERNAMBUCO,10835932000108,INTERNA,NAO PROGRAMADA,NAO CLASSIFICADA,,NAO PROGRAMADA,RECLAMACAO_OU_INFORMACAO,PE
19627541,18578929,14194,2610707,2025-07-10 19:30:28,2025-07-10 21:07:59,INFORMAÇÃO OU RECLAMAÇÃO DO CONSUMIDOR OU DE TERCE,INTERNA;NAO PROGRAMADA;PROPRIAS DO SISTEMA;FALHA DE MATERIAL OU EQUIPAMENTO,19.27,19.7,58.55,16PL3567,COMPANHIA ENERGETICA DE PERNAMBUCO,10835932000108,INTERNA,NAO PROGRAMADA,PROPRIAS DO SISTEMA,FALHA DE MATERIAL OU EQUIPAMENTO,NAO PROGRAMADA,RECLAMACAO_OU_INFORMACAO,PE
19635576,18587128,14127,2601904,2025-07-15 09:01:29,2025-07-15 18:18:51,INFORMAÇÃO OU RECLAMAÇÃO DO CONSUMIDOR OU DE TERCE,INTERNA;NAO PROGRAMADA;MEIO AMBIENTE;VENTO,510.7,30.57,16.1,16PM0068,COMPANHIA ENERGETICA DE PERNAMBUCO,10835932000108,INTERNA,NAO PROGRAMADA,MEIO AMBIENTE,VENTO,NAO PROGRAMADA,RECLAMACAO_OU_INFORMACAO,PE
19636729,S/I,14148,2604106,2025-07-15 17:26:38,2025-07-16 04:30:08,INFORMAÇÃO OU RECLAMAÇÃO DO CONSUMIDOR OU DE TERCE,INTERNA;NAO PROGRAMADA;PROPRIAS DO SISTEMA;SUBTENSAO,534.75,63.48,65.27,22CR5853,COMPANHIA ENERGETICA DE PERNAMBUCO,10835932000108,INTERNA,NAO PROGRAMADA,PROPRIAS DO SISTEMA,SUBTENSAO,NAO PROGRAMADA,RECLAMACAO_OU_INFORMACAO,PE
19641144,18591840,16744,2607901,2025-07-18 08:43:18,2025-07-18 10:18:43,INFORMAÇÃO OU RECLAMAÇÃO DO CONSUMIDOR OU DE TERCE,INTERNA;NAO PROGRAMADA;PROPRIAS DO SISTEMA;FALHA DE MATERIAL OU EQUIPAMENTO,32.5,26.77,36.15,08JB7397,COMPANHIA ENERGETICA DE PERNAMBUCO,10835932000108,INTERNA,NAO PROGRAMADA,PROPRIAS DO SISTEMA,FALHA DE MATERIAL OU EQUIPAMENTO,NAO PROGRAMADA,RECLAMACAO_OU_INFORMACAO,PE
19642873,18594141,15663,2609006,2025-07-19 09:09:25,2025-07-19 15:21:36,INFORMAÇÃO OU RECLAMAÇÃO DO CONSUMIDOR OU DE TERCE,INTERNA;NAO PROGRAMADA;MEIO AMBIENTE;ARVORE OU VEGETACAO,172.73,53.52,145.93,06TB0158,COMPANHIA ENERGETICA DE PERNAMBUCO,10835932000108,INTERNA,NAO PROGRAMADA,MEIO AMBIENTE,ARVORE OU VEGETACAO,NAO PROGRAMADA,RECLAMACAO_OU_INFORMACAO,PE
19642979,18594094,14218,2609600,2025-07-19 10:10:29,2025-07-19 15:24:01,INFORMAÇÃO OU RECLAMAÇÃO DO CONSUMIDOR OU DE TERCE,INTERNA;NAO PROGRAMADA;TERCEIROS;INTERFERENCIA DE TERCEIROS,183.3,24.93,105.3,06OL3320,COMPANHIA ENERGETICA DE PERNAMBUCO,10835932000108,INTERNA,NAO PROGRAMADA,TERCEIROS,INTERFERENCIA DE TERCEIROS,NAO PROGRAMADA,RECLAMACAO_OU_INFORMACAO,PE
19644168,S/I,14198,2610707,2025-07-20 09:55:38,2025-07-20 11:39:23,INFORMAÇÃO OU RECLAMAÇÃO DO CONSUMIDOR OU DE TERCE,INTERNA;NAO PROGRAMADA;MEIO AMBIENTE;EROSAO,66.52,17.82,19.42,06PL3197,COMPANHIA ENERGETICA DE PERNAMBUCO,10835932000108,INTERNA,NAO PROGRAMADA,MEIO AMBIENTE,EROSAO,NAO PROGRAMADA,RECLAMACAO_OU_INFORMACAO,PE
19644313,18596939,14194,2610707,2025-07-20 11:23:23,2025-07-20 15:43:26,INFORMAÇÃO OU RECLAMAÇÃO DO CONSUMIDOR OU DE TERCE,INTERNA;NAO PROGRAMADA;PROPRIAS DO SISTEMA;FALHA DE MATERIAL OU EQUIPAMENTO,237.73,6.42,15.9,14PL3305,COMPANHIA ENERGETICA DE PERNAMBUCO,10835932000108,INTERNA,NAO PROGRAMADA,PROPRIAS DO SISTEMA,FALHA DE MATERIAL OU EQUIPAMENTO,NAO PROGRAMADA,RECLAMACAO_OU_INFORMACAO,PE
19645115,S/I,16171,2607901,2025-07-21 08:13:24,2025-07-21 10:01:14,INFORMAÇÃO OU RECLAMAÇÃO DO CONSUMIDOR OU DE TERCE,INTERNA;NAO PROGRAMADA;MEIO AMBIENTE;QUEIMADA OU INCENDIO,19.93,31.65,56.25,06PD0020,COMPANHIA ENERGETICA DE PERNAMBUCO,10835932000108,INTERNA,NAO PROGRAMADA,MEIO AMBIENTE,QUEIMADA OU INCENDIO,NAO PROGRAMADA,RECLAMACAO_OU_INFORMACAO,PE
19648290,18599911,16184,2611606,2025-07-22 17:38:27,2025-07-23 07:52:01,INFORMAÇÃO OU RECLAMAÇÃO DO CONSUMIDOR OU DE TERCE,INTERNA;NAO PROGRAMADA;PROPRIAS DO SISTEMA;FALHA DE MATERIAL OU EQUIPAMENTO,583.25,4.23,266.08,22BI0006,COMPANHIA ENERGETICA DE PERNAMBUCO,10835932000108,INTERNA,NAO PROGRAMADA,PROPRIAS DO SISTEMA,FALHA DE MATERIAL OU EQUIPAMENTO,NAO PROGRAMADA,RECLAMACAO_OU_INFORMACAO,PE
19648786,S/I,15662,2616407,2025-07-23 08:04:51,2025-07-23 16:04:55,INFORMAÇÃO OU RECLAMAÇÃO DO CONSUMIDOR OU DE TERCE,INTERNA;NAO PROGRAMADA;NAO CLASSIFICADA,418.4,50.15,11.52,DIN0178,COMPANHIA ENERGETICA DE PERNAMBUCO,10835932000108,INTERNA,NAO PROGRAMADA,NAO CLASSIFICADA,,NAO PROGRAMADA,RECLAMACAO_OU_INFORMACAO,PE
19648788,S/I,14148,2604106,2025-07-23 08:05:15,2025-07-23 11:14:38,INFORMAÇÃO OU RECLAMAÇÃO DO CONSUMIDOR OU DE TERCE,INTERNA;NAO PROGRAMADA;NAO CLASSIFICADA,105.27,44.0,40.12,08CR3346,COMPANHIA ENERGETICA DE PERNAMBUCO,10835932000108,INTERNA,NAO PROGRAMADA,NAO CLASSIFICADA,,NAO PROGRAMADA,RECLAMACAO_OU_INFORMACAO,PE
19649277,18601071,14136,2608008,2025-07-23 11:49:08,2025-07-23 15:35:40,INFORMAÇÃO OU RECLAMAÇÃO DO CONSUMIDOR OU DE TERCE,INTERNA;NAO PROGRAMADA;MEIO AMBIENTE;ARVORE OU VEGETACAO,10.48,65.93,150.12,09SC0022,COMPANHIA ENERGETICA DE PERNAMBUCO,10835932000108,INTERNA,NAO PROGRAMADA,MEIO AMBIENTE,ARVORE OU VEGETACAO,NAO PROGRAMADA,RECLAMACAO_OU_INFORMACAO,PE
19649798,18601705,14135,2606002,2025-07-23 16:22:57,2025-07-24 01:55:44,INFORMAÇÃO OU RECLAMAÇÃO DO CONSUMIDOR OU DE TERCE,INTERNA;NAO PROGRAMADA;PROPRIAS DO SISTEMA;SUBTENSAO,428.35,38.12,106.32,22GA0046,COMPANHIA ENERGETICA DE PERNAMBUCO,10835932000108,INTERNA,NAO PROGRAMADA,PROPRIAS DO SISTEMA,SUBTENSAO,NAO PROGRAMADA,RECLAMACAO_OU_INFORMACAO,PE
19651002,18602830,16159,2605608,2025-07-24 12:15:28,2025-07-24 16:32:46,INFORMAÇÃO OU RECLAMAÇÃO DO CONSUMIDOR OU DE TERCE,INTERNA;NAO PROGRAMADA;PROPRIAS DO SISTEMA;FALHA DE MATERIAL OU EQUIPAMENTO,178.12,61.68,17.5,14AFI5856,COMPANHIA ENERGETICA DE PERNAMBUCO,10835932000108,INTERNA,NAO PROGRAMADA,PROPRIAS DO SISTEMA,FALHA DE MATERIAL OU EQUIPAMENTO,NAO PROGRAMADA,RECLAMACAO_OU_INFORMACAO,PE
19652520,18609352,14238,2616308,2025-07-25 10:01:13,2025-07-25 17:02:58,INFORMAÇÃO OU RECLAMAÇÃO DO CONSUMIDOR OU DE TERCE,INTERNA;NAO PROGRAMADA;PROPRIAS DO SISTEMA;FALHA DE MATERIAL OU EQUIPAMENTO,63.73,105.23,252.78,06TB0137,COMPANHIA ENERGETICA DE PERNAMBUCO,10835932000108,INTERNA,NAO PROGRAMADA,PROPRIAS DO SISTEMA,FALHA DE MATERIAL OU EQUIPAMENTO,NAO PROGRAMADA,RECLAMACAO_OU_INFORMACAO,PE
19656805,18609055,16149,2613503,2025-07-28 11:19:29,2025-07-28 13:27:34,INFORMAÇÃO OU RECLAMAÇÃO DO CONSUMIDOR OU DE TERCE,INTERNA;NAO PROGRAMADA;PROPRIAS DO SISTEMA;FALHA DE MATERIAL OU EQUIPAMENTO,39.18,56.42,32.48,06SRT5746,COMPANHIA ENERGETICA DE PERNAMBUCO,10835932000108,INTERNA,NAO PROGRAMADA,PROPRIAS DO SISTEMA,FALHA DE MATERIAL OU EQUIPAMENTO,NAO PROGRAMADA,RECLAMACAO_OU_INFORMACAO,PE
19660791,18615132,16160,2614204,2025-07-30 08:01:37,2025-07-30 10:16:53,INFORMAÇÃO OU RECLAMAÇÃO DO CONSUMIDOR OU DE TERCE,INTERNA;NAO PROGRAMADA;TERCEIROS;DEFEITO INTERNO NAO AFETANDO OUTRAS UNIDADES CONSU,17.25,63.97,54.05,08RB3565,COMPANHIA ENERGETICA DE PERNAMBUCO,10835932000108,INTERNA,NAO PROGRAMADA,TERCEIROS,DEFEITO INTERNO NAO AFETANDO OUTRAS UNIDADES CONSU,NAO PROGRAMADA,RECLAMACAO_OU_INFORMACAO,PE
19662536,S/I,14190,2609600,2025-07-30 22:58:31,2025-07-30 23:46:02,INFORMAÇÃO OU RECLAMAÇÃO DO CONSUMIDOR OU DE TERCE,INTERNA;NAO PROGRAMADA;TERCEIROS;INTERFERENCIA DE TERCEIROS,32.23,3.53,11.75,16OL3785,COMPANHIA ENERGETICA DE PERNAMBUCO,10835932000108,INTERNA,NAO PROGRAMADA,TERCEIROS,INTERFERENCIA DE TERCEIROS,NAO PROGRAMADA,RECLAMACAO_OU_INFORMACAO,PE
19662842,S/I,14124,2611606,2025-07-31 07:53:46,2025-07-31 11:59:24,INFORMAÇÃO OU RECLAMAÇÃO DO CONSUMIDOR OU DE TERCE,INTERNA;NAO PROGRAMADA;NAO CLASSIFICADA,186.87,11.43,47.33,06CF3318,COMPANHIA ENERGETICA DE PERNAMBUCO,10835932000108,INTERNA,NAO PROGRAMADA,NAO CLASSIFICADA,,NAO PROGRAMADA,RECLAMACAO_OU_INFORMACAO,PE
19664125,18616692,14211,2601904,2025-07-31 18:19:26,2025-08-01 02:04:50,INFORMAÇÃO OU RECLAMAÇÃO DO CONSUMIDOR OU DE TERCE,INTERNA;NAO PROGRAMADA;PROPRIAS DO SISTEMA;FALHA DE MATERIAL OU EQUIPAMENTO,28.75,71.4,365.25,16PM0068,COMPANHIA ENERGETICA DE PERNAMBUCO,10835932000108,INTERNA,NAO PROGRAMADA,PROPRIAS DO SISTEMA,FALHA DE MATERIAL OU EQUIPAMENTO,NAO PROGRAMADA,RECLAMACAO_OU_INFORMACAO,PE
19664342,18616817,16748,2607208,2025-07-31 22:27:51,2025-08-01 14:12:03,INFORMAÇÃO OU RECLAMAÇÃO DO CONSUMIDOR OU DE TERCE,INTERNA;NAO PROGRAMADA;MEIO AMBIENTE;QUEIMADA OU INCENDIO,11.88,52.73,879.58,22CB3490,COMPANHIA ENERGETICA DE PERNAMBUCO,10835932000108,INTERNA,NAO PROGRAMADA,MEIO AMBIENTE,QUEIMADA OU INCENDIO,NAO PROGRAMADA,RECLAMACAO_OU_INFORMACAO,PE
19664458,18617343,16168,2615409,2025-08-01 04:23:19,2025-08-01 10:56:55,INFORMAÇÃO OU RECLAMAÇÃO DO CONSUMIDOR OU DE TERCE,INTERNA;NAO PROGRAMADA;TERCEIROS;INTERFERENCIA DE TERCEIROS,117.63,59.02,216.95,06SC3798,COMPANHIA ENERGETICA DE PERNAMBUCO,10835932000108,INTERNA,NAO PROGRAMADA,TERCEIROS,INTERFERENCIA DE TERCEIROS,NAO PROGRAMADA,RECLAMACAO_OU_INFORMACAO,PE
19666903,18665535,16741,2611606,2025-08-02 15:20:55,2025-08-02 20:24:56,INFORMAÇÃO OU RECLAMAÇÃO DO CONSUMIDOR OU DE TERCE,INTERNA;NAO PROGRAMADA;NAO CLASSIFICADA,100.22,69.13,134.67,14VA3479,COMPANHIA ENERGETICA DE PERNAMBUCO,10835932000108,INTERNA,NAO PROGRAMADA,NAO CLASSIFICADA,,NAO PROGRAMADA,RECLAMACAO_OU_INFORMACAO,PE
19667627,18620604,16741,2607901,2025-08-03 09:05:32,2025-08-03 11:12:12,INFORMAÇÃO OU RECLAMAÇÃO DO CONSUMIDOR OU DE TERCE,INTERNA;NAO PROGRAMADA;MEIO AMBIENTE;QUEIMADA OU INCENDIO,40.88,56.08,29.7,06JB0140,COMPANHIA ENERGETICA DE PERNAMBUCO,10835932000108,INTERNA,NAO PROGRAMADA,MEIO AMBIENTE,QUEIMADA OU INCENDIO,NAO PROGRAMADA,RECLAMACAO_OU_INFORMACAO,PE
19669512,S/I,16741,2607901,2025-08-04 12:29:47,2025-08-04 15:47:28,INFORMAÇÃO OU RECLAMAÇÃO DO CONSUMIDOR OU DE TERCE,INTERNA;NAO PROGRAMADA;TERCEIROS;INTERFERENCIA DE TERCEIROS,87.0,44.93,65.75,14JB5781,COMPANHIA ENERGETICA DE PERNAMBUCO,10835932000108,INTERNA,NAO PROGRAMADA,TERCEIROS,INTERFERENCIA DE TERCEIROS,NAO PROGRAMADA,RECLAMACAO_OU_INFORMACAO,PE
19670276,18632549,14143,2605707,2025-08-04 19:27:51,2025-08-05 03:45:00,INFORMAÇÃO OU RECLAMAÇÃO DO CONSUMIDOR OU DE TERCE,INTERNA;NAO PROGRAMADA;MEIO AMBIENTE;ANIMAIS,387.15,69.98,40.02,22FRT5784,COMPANHIA ENERGETICA DE PERNAMBUCO,10835932000108,INTERNA,NAO PROGRAMADA,MEIO AMBIENTE,ANIMAIS,NAO PROGRAMADA,RECLAMACAO_OU_INFORMACAO,PE
19672548,18626632,16152,2606408,2025-08-06 08:17:30,2025-08-06 12:25:48,INFORMAÇÃO OU RECLAMAÇÃO DO CONSUMIDOR OU DE TERCE,INTERNA;NAO PROGRAMADA;PROPRIAS DO SISTEMA;FALHA DE MATERIAL OU EQUIPAMENTO,154.53,32.02,61.75,08VT0007,COMPANHIA ENERGETICA DE PERNAMBUCO,10835932000108,INTERNA,NAO PROGRAMADA,PROPRIAS DO SISTEMA,FALHA DE MATERIAL OU EQUIPAMENTO,NAO PROGRAMADA,RECLAMACAO_OU_INFORMACAO,PE
19673949,S/I,16738,2607208,2025-08-06 18:37:04,2025-08-07 04:04:11,INFORMAÇÃO OU RECLAMAÇÃO DO CONSUMIDOR OU DE TERCE,INTERNA;NAO PROGRAMADA;TERCEIROS;VANDALISMO,466.75,93.28,7.08,22CB3490,COMPANHIA ENERGETICA DE PERNAMBUCO,10835932000108,INTERNA,NAO PROGRAMADA,TERCEIROS,VANDALISMO,NAO PROGRAMADA,RECLAMACAO_OU_INFORMACAO,PE
19677083,18631127,14130,2608107,2025-08-08 13:14:36,2025-08-08 17:02:27,INFORMAÇÃO OU RECLAMAÇÃO DO CONSUMIDOR OU DE TERCE,INTERNA;NAO PROGRAMADA;TERCEIROS;INTERFERENCIA DE TERCEIROS,100.75,26.93,100.17,14SR3515,COMPANHIA ENERGETICA DE PERNAMBUCO,10835932000108,INTERNA,NAO PROGRAMADA,TERCEIROS,INTERFERENCIA DE TERCEIROS,NAO PROGRAMADA,RECLAMACAO_OU_INFORMACAO,PE
19680430,18636055,16159,2615706,2025-08-11 11:01:17,2025-08-11 21:37:47,INFORMAÇÃO OU RECLAMAÇÃO DO CONSUMIDOR OU DE TERCE,INTERNA;NAO PROGRAMADA;MEIO AMBIENTE;ANIMAIS,515.0,89.87,31.63,14SRT0084,COMPANHIA ENERGETICA DE PERNAMBUCO,10835932000108,INTERNA,NAO PROGRAMADA,MEIO AMBIENTE,ANIMAIS,NAO PROGRAMADA,RECLAMACAO_OU_INFORMACAO,PE
19684088,S/I,14212,2609600,2025-08-13 13:05:15,2025-08-13 15:21:09,INFORMAÇÃO OU RECLAMAÇÃO DO CONSUMIDOR OU DE TERCE,INTERNA;NAO PROGRAMADA;NAO CLASSIFICADA,112.3,11.83,11.77,08OL3302,COMPANHIA ENERGETICA DE PERNAMBUCO,10835932000108,INTERNA,NAO PROGRAMADA,NAO CLASSIFICADA,,NAO PROGRAMADA,RECLAMACAO_OU_INFORMACAO,PE
19685405,18641419,14153,2606804,2025-08-14 09:47:49,2025-08-14 13:55:25,INFORMAÇÃO OU RECLAMAÇÃO DO CONSUMIDOR OU DE TERCE,INTERNA;NAO PROGRAMADA;PROPRIAS DO SISTEMA;FALHA DE MATERIAL OU EQUIPAMENTO,118.05,50.55,79.0,08GO3495,COMPANHIA ENERGETICA DE PERNAMBUCO,10835932000108,INTERNA,NAO PROGRAMADA,PROPRIAS DO SISTEMA,FALHA DE MATERIAL OU EQUIPAMENTO,NAO PROGRAMADA,RECLAMACAO_OU_INFORMACAO,PE
19689097,S/I,16165,2605707,2025-08-16 08:17:17,2025-08-17 14:31:31,INFORMAÇÃO OU RECLAMAÇÃO DO CONSUMIDOR OU DE TERCE,INTERNA;NAO PROGRAMADA;PROPRIAS DO SISTEMA;FALHA DE MATERIAL OU EQUIPAMENTO,375.5,79.85,1358.88,08FRT0126,COMPANHIA ENERGETICA DE PERNAMBUCO,10835932000108,INTERNA,NAO PROGRAMADA,PROPRIAS DO SISTEMA,FALHA DE MATERIAL OU EQUIPAMENTO,NAO PROGRAMADA,RECLAMACAO_OU_INFORMACAO,PE
19693863,S/I,14139,2602902,2025-08-18 20:29:36,2025-08-19 03:59:57,INFORMAÇÃO OU RECLAMAÇÃO DO CONSUMIDOR OU DE TERCE,INTERNA;NAO PROGRAMADA;NAO CLASSIFICADA,293.98,17.02,139.35,22CB0103,COMPANHIA ENERGETICA DE PERNAMBUCO,10835932000108,INTERNA,NAO PROGRAMADA,NAO CLASSIFICADA,,NAO PROGRAMADA,RECLAMACAO_OU_INFORMACAO,PE
19695659,18653117,14190,2609600,2025-08-19 18:17:05,2025-08-19 19:56:24,INFORMAÇÃO OU RECLAMAÇÃO DO CONSUMIDOR OU DE TERCE,INTERNA;NAO PROGRAMADA;TERCEIROS;INTERFERENCIA DE TERCEIROS,46.7,50.77,1.85,16OL3321,COMPANHIA ENERGETICA DE PERNAMBUCO,10835932000108,INTERNA,NAO PROGRAMADA,TERCEIROS,INTERFERENCIA DE TERCEIROS,NAO PROGRAMADA,RECLAMACAO_OU_INFORMACAO,PE
19696098,S/I,14126,2612406,2025-08-20 06:48:49,2025-08-20 22:04:33,INFORMAÇÃO OU RECLAMAÇÃO DO CONSUMIDOR OU DE TERCE,INTERNA;NAO PROGRAMADA;PROPRIAS DO SISTEMA;SOBRECARGA,545.02,63.4,307.32,14BJ0034,COMPANHIA ENERGETICA DE PERNAMBUCO,10835932000108,INTERNA,NAO PROGRAMADA,PROPRIAS DO SISTEMA,SOBRECARGA,NAO PROGRAMADA,RECLAMACAO_OU_INFORMACAO,PE
19697560,18654261,14117,2600500,2025-08-20 19:05:14,2025-08-21 08:32:20,INFORMAÇÃO OU RECLAMAÇÃO DO CONSUMIDOR OU DE TERCE,INTERNA;NAO PROGRAMADA;PROPRIAS DO SISTEMA;FALHA DE MATERIAL OU EQUIPAMENTO,671.08,43.4,92.62,06BCO5822,COMPANHIA ENERGETICA DE PERNAMBUCO,10835932000108,INTERNA,NAO PROGRAMADA,PROPRIAS DO SISTEMA,FALHA DE MATERIAL OU EQUIPAMENTO,NAO PROGRAMADA,RECLAMACAO_OU_INFORMACAO,PE
19698553,S/I,16171,2607901,2025-08-21 11:57:46,2025-08-21 16:52:11,INFORMAÇÃO OU RECLAMAÇÃO DO CONSUMIDOR OU DE TERCE,INTERNA;NAO PROGRAMADA;MEIO AMBIENTE;ARVORE OU VEGETACAO,256.3,22.27,15.85,STCPDD2BQ40E,COMPANHIA ENERGETICA DE PERNAMBUCO,10835932000108,INTERNA,NAO PROGRAMADA,MEIO AMBIENTE,ARVORE OU VEGETACAO,NAO PROGRAMADA,RECLAMACAO_OU_INFORMACAO,PE
19698822,18655475,14141,2603207,2025-08-21 14:15:41,2025-08-21 18:53:21,INFORMAÇÃO OU RECLAMAÇÃO DO CONSUMIDOR OU DE TERCE,INTERNA;NAO PROGRAMADA;MEIO AMBIENTE;ARVORE OU VEGETACAO,147.1,77.77,52.8,12GA5842,COMPANHIA ENERGETICA DE PERNAMBUCO,10835932000108,INTERNA,NAO PROGRAMADA,MEIO AMBIENTE,ARVORE OU VEGETACAO,NAO PROGRAMADA,RECLAMACAO_OU_INFORMACAO,PE
19700366,18656979,14148,2604106,2025-08-22 11:05:56,2025-08-22 12:52:58,INFORMAÇÃO OU RECLAMAÇÃO DO CONSUMIDOR OU DE TERCE,INTERNA;NAO PROGRAMADA;PROPRIAS DO SISTEMA;FALHA DE MATERIAL OU EQUIPAMENTO,71.53,13.4,22.1,08CR3346,COMPANHIA ENERGETICA DE PERNAMBUCO,10835932000108,INTERNA,NAO PROGRAMADA,PROPRIAS DO SISTEMA,FALHA DE MATERIAL OU EQUIPAMENTO,NAO PROGRAMADA,RECLAMACAO_OU_INFORMACAO,PE
19701301,18658601,16167,2612208,2025-08-22 19:05:12,2025-08-23 13:24:14,INFORMAÇÃO OU RECLAMAÇÃO DO CONSUMIDOR OU DE TERCE,INTERNA;NAO PROGRAMADA;PROPRIAS DO SISTEMA;SUBTENSAO,660.85,35.85,402.33,06SRT0155,COMPANHIA ENERGETICA DE PERNAMBUCO,10835932000108,INTERNA,NAO PROGRAMADA,PROPRIAS DO SISTEMA,SUBTENSAO,NAO PROGRAMADA,RECLAMACAO_OU_INFORMACAO,PE
19701794,S/I,14154,2605103,2025-08-23 08:39:28,2025-08-23 11:43:25,INFORMAÇÃO OU RECLAMAÇÃO DO CONSUMIDOR OU DE TERCE,INTERNA;NAO PROGRAMADA;PROPRIAS DO SISTEMA;SUBTENSAO,98.65,59.48,25.82,06AFI5891,COMPANHIA ENERGETICA DE PERNAMBUCO,10835932000108,INTERNA,NAO PROGRAMADA,PROPRIAS DO SISTEMA,SUBTENSAO,NAO PROGRAMADA,RECLAMACAO_OU_INFORMACAO,PE
19701814,18658464,14190,2609600,2025-08-23 08:48:03,2025-08-23 10:14:17,INFORMAÇÃO OU RECLAMAÇÃO DO CONSUMIDOR OU DE TERCE,INTERNA;NAO PROGRAMADA;TERCEIROS;INTERFERENCIA DE TERCEIROS,18.72,23.33,44.18,CONOLI4B5408,COMPANHIA ENERGETICA DE PERNAMBUCO,10835932000108,INTERNA,NAO PROGRAMADA,TERCEIROS,INTERFERENCIA DE TERCEIROS,NAO PROGRAMADA,RECLAMACAO_OU_INFORMACAO,PE
19703397,18663741,14144,2604106,2025-08-24 11:53:50,2025-08-24 14:00:02,INFORMAÇÃO OU RECLAMAÇÃO DO CONSUMIDOR OU DE TERCE,INTERNA;NAO PROGRAMADA;PROPRIAS DO SISTEMA;FALHA DE MATERIAL OU EQUIPAMENTO,98.03,22.87,5.3,06CR5801,COMPANHIA ENERGETICA DE PERNAMBUCO,10835932000108,INTERNA,NAO PROGRAMADA,PROPRIAS DO SISTEMA,FALHA DE MATERIAL OU EQUIPAMENTO,NAO PROGRAMADA,RECLAMACAO_OU_INFORMACAO,PE
19705740,18664002,14216,2612505,2025-08-26 05:49:41,2025-08-26 09:57:02,INFORMAÇÃO OU RECLAMAÇÃO DO CONSUMIDOR OU DE TERCE,INTERNA;NAO PROGRAMADA;MEIO AMBIENTE;VENTO,121.35,63.87,62.13,06SC3798,COMPANHIA ENERGETICA DE PERNAMBUCO,10835932000108,INTERNA,NAO PROGRAMADA,MEIO AMBIENTE,VENTO,NAO PROGRAMADA,RECLAMACAO_OU_INFORMACAO,PE
19706596,18665986,14206,2607901,2025-08-26 11:15:47,2025-08-27 08:31:52,INFORMAÇÃO OU RECLAMAÇÃO DO CONSUMIDOR OU DE TERCE,INTERNA;NAO PROGRAMADA;PROPRIAS DO SISTEMA;FALHA DE MATERIAL OU EQUIPAMENTO,1149.3,56.08,70.7,06PD0020,COMPANHIA ENERGETICA DE PERNAMBUCO,10835932000108,INTERNA,NAO PROGRAMADA,PROPRIAS DO SISTEMA,FALHA DE MATERIAL OU EQUIPAMENTO,NAO PROGRAMADA,RECLAMACAO_OU_INFORMACAO,PE
19709359,18667086,15659,2602902,2025-08-27 19:17:22,2025-08-27 23:26:26,INFORMAÇÃO OU RECLAMAÇÃO DO CONSUMIDOR OU DE TERCE,INTERNA;NAO PROGRAMADA;MEIO AMBIENTE;CORROSAO,166.97,42.08,40.02,22CB0103,COMPANHIA ENERGETICA DE PERNAMBUCO,10835932000108,INTERNA,NAO PROGRAMADA,MEIO AMBIENTE,CORROSAO,NAO PROGRAMADA,RECLAMACAO_OU_INFORMACAO,PE
19712917,18672122,16178,2608800,2025-08-29 16:11:14,2025-08-30 17:29:06,INFORMAÇÃO OU RECLAMAÇÃO DO CONSUMIDOR OU DE TERCE,INTERNA;NAO PROGRAMADA;MEIO AMBIENTE;CORROSAO,1482.33,18.23,17.3,16GA5744,COMPANHIA ENERGETICA DE PERNAMBUCO,10835932000108,INTERNA,NAO PROGRAMADA,MEIO AMBIENTE,CORROSAO,NAO PROGRAMADA,RECLAMACAO_OU_INFORMACAO,PE
19713581,S/I,14177,2607901,2025-08-30 07:18:51,2025-08-30 11:06:17,INFORMAÇÃO OU RECLAMAÇÃO DO CONSUMIDOR OU DE TERCE,INTERNA;NAO PROGRAMADA;NAO CLASSIFICADA,172.18,45.83,9.42,08JB7397,COMPANHIA ENERGETICA DE PERNAMBUCO,10835932000108,INTERNA,NAO PROGRAMADA,NAO CLASSIFICADA,,NAO PROGRAMADA,RECLAMACAO_OU_INFORMACAO,PE
19714780,S/I,14198,2610707,2025-08-30 20:01:09,2025-08-31 11:24:37,INFORMAÇÃO OU RECLAMAÇÃO DO CONSUMIDOR OU DE TERCE,INTERNA;NAO PROGRAMADA;PROPRIAS DO SISTEMA;NAO IDENTIFICADA,847.68,48.52,27.27,06PL3197,COMPANHIA ENERGETICA DE PERNAMBUCO,10835932000108,INTERNA,NAO PROGRAMADA,PROPRIAS DO SISTEMA,NAO IDENTIFICADA,NAO PROGRAMADA,RECLAMACAO_OU_INFORMACAO,PE
19717230,S/I,15663,2615300,2025-09-01 11:19:21,2025-09-02 00:34:47,INFORMAÇÃO OU RECLAMAÇÃO DO CONSUMIDOR OU DE TERCE,INTERNA;NAO PROGRAMADA;NAO CLASSIFICADA,629.67,10.0,155.77,14TB5863,COMPANHIA ENERGETICA DE PERNAMBUCO,10835932000108,INTERNA,NAO PROGRAMADA,NAO CLASSIFICADA,,NAO PROGRAMADA,RECLAMACAO_OU_INFORMACAO,PE
19718448,S/I,16741,2611606,2025-09-02 02:02:34,2025-09-02 18:23:37,INFORMAÇÃO OU RECLAMAÇÃO DO CONSUMIDOR OU DE TERCE,INTERNA;NAO PROGRAMADA;PROPRIAS DO SISTEMA;FALHA DE MATERIAL OU EQUIPAMENTO,937.77,7.85,35.43,14VA3479,COMPANHIA ENERGETICA DE PERNAMBUCO,10835932000108,INTERNA,NAO PROGRAMADA,PROPRIAS DO SISTEMA,FALHA DE MATERIAL OU EQUIPAMENTO,NAO PROGRAMADA,RECLAMACAO_OU_INFORMACAO,PE
19719791,18677748,16158,2603405,2025-09-02 12:56:22,2025-09-02 15:12:23,INFORMAÇÃO OU RECLAMAÇÃO DO CONSUMIDOR OU DE TERCE,INTERNA;NAO PROGRAMADA;MEIO AMBIENTE;DESCARGA ATMOSFERICA,28.92,49.37,57.73,06SRT5763,COMPANHIA ENERGETICA DE PERNAMBUCO,10835932000108,INTERNA,NAO PROGRAMADA,MEIO AMBIENTE,DESCARGA ATMOSFERICA,NAO PROGRAMADA,RECLAMACAO_OU_INFORMACAO,PE
19720015,18679025,14182,2602209,2025-09-02 13:45:07,2025-09-03 01:51:28,INFORMAÇÃO OU RECLAMAÇÃO DO CONSUMIDOR OU DE TERCE,INTERNA;NAO PROGRAMADA;MEIO AMBIENTE;VENTO,126.67,10.0,589.68,STCSRB2SC01W,COMPANHIA ENERGETICA DE PERNAMBUCO,10835932000108,INTERNA,NAO PROGRAMADA,MEIO AMBIENTE,VENTO,NAO PROGRAMADA,RECLAMACAO_OU_INFORMACAO,PE
19720228,18678881,16737,2605004,2025-09-02 14:44:03,2025-09-03 13:44:30,INFORMAÇÃO OU RECLAMAÇÃO DO CONSUMIDOR OU DE TERCE,INTERNA;NAO PROGRAMADA;PROPRIAS DO SISTEMA;FALHA DE MATERIAL OU EQUIPAMENTO,87.52,50.42,1242.52,STCBLJ2BJ01V,COMPANHIA ENERGETICA DE PERNAMBUCO,10835932000108,INTERNA,NAO PROGRAMADA,PROPRIAS DO SISTEMA,FALHA DE MATERIAL OU EQUIPAMENTO,NAO PROGRAMADA,RECLAMACAO_OU_INFORMACAO,PE
19724067,18683651,14206,2605202,2025-09-04 06:29:06,2025-09-04 16:53:41,INFORMAÇÃO OU RECLAMAÇÃO DO CONSUMIDOR OU DE TERCE,INTERNA;NAO PROGRAMADA;MEIO AMBIENTE;ARVORE OU VEGETACAO,544.08,29.72,50.78,15RB3551,COMPANHIA ENERGETICA DE PERNAMBUCO,10835932000108,INTERNA,NAO PROGRAMADA,MEIO AMBIENTE,ARVORE OU VEGETACAO,NAO PROGRAMADA,RECLAMACAO_OU_INFORMACAO,PE
19725464,18682891,14142,2611606,2025-09-04 13:17:58,2025-09-04 14:59:29,INFORMAÇÃO OU RECLAMAÇÃO DO CONSUMIDOR OU DE TERCE,INTERNA;NAO PROGRAMADA;TERCEIROS;INTERFERENCIA DE TERCEIROS,16.62,33.13,51.77,CONBGI4B4503,COMPANHIA ENERGETICA DE PERNAMBUCO,10835932000108,INTERNA,NAO PROGRAMADA,TERCEIROS,INTERFERENCIA DE TERCEIROS,NAO PROGRAMADA,RECLAMACAO_OU_INFORMACAO,PE
19727275,18692442,14143,2612000,2025-09-05 07:03:29,2025-09-08 18:28:32,INFORMAÇÃO OU RECLAMAÇÃO DO CONSUMIDOR OU DE TERCE,INTERNA;NAO PROGRAMADA;MEIO AMBIENTE;ARVORE OU VEGETACAO,96.57,40.08,4868.4,STCPMR2PL00M,COMPANHIA ENERGETICA DE PERNAMBUCO,10835932000108,INTERNA,NAO PROGRAMADA,MEIO AMBIENTE,ARVORE OU VEGETACAO,NAO PROGRAMADA,RECLAMACAO_OU_INFORMACAO,PE
19727363,18686498,16181,2610905,2025-09-05 07:49:14,2025-09-06 14:32:09,INFORMAÇÃO OU RECLAMAÇÃO DO CONSUMIDOR OU DE TERCE,INTERNA;NAO PROGRAMADA;PROPRIAS DO SISTEMA;FALHA DE MATERIAL OU EQUIPAMENTO,721.33,24.95,1096.63,14AC5832,COMPANHIA ENERGETICA DE PERNAMBUCO,10835932000108,INTERNA,NAO PROGRAMADA,PROPRIAS DO SISTEMA,FALHA DE MATERIAL OU EQUIPAMENTO,NAO PROGRAMADA,RECLAMACAO_OU_INFORMACAO,PE
19728728,18686067,14165,2602407,2025-09-05 14:43:06,2025-09-05 17:46:52,INFORMAÇÃO OU RECLAMAÇÃO DO CONSUMIDOR OU DE TERCE,INTERNA;NAO PROGRAMADA;MEIO AMBIENTE;ANIMAIS,87.18,92.38,4.2,16BCO5852,COMPANHIA ENERGETICA DE PERNAMBUCO,10835932000108,INTERNA,NAO PROGRAMADA,MEIO AMBIENTE,ANIMAIS,NAO PROGRAMADA,RECLAMACAO_OU_INFORMACAO,PE
19728821,S/I,14142,2603454,2025-09-05 15:11:32,2025-09-05 16:21:35,INFORMAÇÃO OU RECLAMAÇÃO DO CONSUMIDOR OU DE TERCE,INTERNA;NAO PROGRAMADA;PROPRIAS DO SISTEMA;SUBTENSAO,25.77,32.6,11.68,STCCMB2CP015,COMPANHIA ENERGETICA DE PERNAMBUCO,10835932000108,INTERNA,NAO PROGRAMADA,PROPRIAS DO SISTEMA,SUBTENSAO,NAO PROGRAMADA,RECLAMACAO_OU_INFORMACAO,PE
19730025,18693677,14224,2613701,2025-09-06 06:09:17,2025-09-06 18:53:37,INFORMAÇÃO OU RECLAMAÇÃO DO CONSUMIDOR OU DE TERCE,INTERNA;NAO PROGRAMADA;PROPRIAS DO SISTEMA;FALHA DE MATERIAL OU EQUIPAMENTO,680.9,39.38,44.05,14CG3497,COMPANHIA ENERGETICA DE PERNAMBUCO,10835932000108,INTERNA,NAO PROGRAMADA,PROPRIAS DO SISTEMA,FALHA DE MATERIAL OU EQUIPAMENTO,NAO PROGRAMADA,RECLAMACAO_OU_INFORMACAO,PE
19730362,18687288,16154,2611606,2025-09-06 09:01:49,2025-09-06 11:32:08,INFORMAÇÃO OU RECLAMAÇÃO DO CONSUMIDOR OU DE TERCE,INTERNA;NAO PROGRAMADA;MEIO AMBIENTE;DESCARGA ATMOSFERICA,25.07,14.22,111.03,06BI0001,COMPANHIA ENERGETICA DE PERNAMBUCO,10835932000108,INTERNA,NAO PROGRAMADA,MEIO AMBIENTE,DESCARGA ATMOSFERICA,NAO PROGRAMADA,RECLAMACAO_OU_INFORMACAO,PE
19731943,18688831,14176,2607752,2025-09-07 01:08:50,2025-09-07 08:34:33,INFORMAÇÃO OU RECLAMAÇÃO DO CONSUMIDOR OU DE TERCE,INTERNA;NAO PROGRAMADA;TERCEIROS;INTERFERENCIA DE TERCEIROS,345.32,36.3,64.1,06GO0138,COMPANHIA ENERGETICA DE PERNAMBUCO,10835932000108,INTERNA,NAO PROGRAMADA,TERCEIROS,INTERFERENCIA DE TERCEIROS,NAO PROGRAMADA,RECLAMACAO_OU_INFORMACAO,PE
19733461,18699708,16743,2611606,2025-09-08 00:11:58,2025-09-08 07:56:36,INFORMAÇÃO OU RECLAMAÇÃO DO CONSUMIDOR OU DE TERCE,INTERNA;NAO PROGRAMADA;PROPRIAS DO SISTEMA;FALHA DE MATERIAL OU EQUIPAMENTO,373.23,61.72,29.68,06BV0015,COMPANHIA ENERGETICA DE PERNAMBUCO,10835932000108,INTERNA,NAO PROGRAMADA,PROPRIAS DO SISTEMA,FALHA DE MATERIAL OU EQUIPAMENTO,NAO PROGRAMADA,RECLAMACAO_OU_INFORMACAO,PE
19733780,S/I,16154,2611606,2025-09-08 08:45:01,2025-09-08 10:38:36,INFORMAÇÃO OU RECLAMAÇÃO DO CONSUMIDOR OU DE TERCE,INTERNA;NAO PROGRAMADA;NAO CLASSIFICADA,69.52,12.7,31.37,07BI0002,COMPANHIA ENERGETICA DE PERNAMBUCO,10835932000108,INTERNA,NAO PROGRAMADA,NAO CLASSIFICADA,,NAO PROGRAMADA,RECLAMACAO_OU_INFORMACAO,PE
19734477,S/I,14238,2608909,2025-09-08 13:03:58,2025-09-08 16:53:57,INFORMAÇÃO OU RECLAMAÇÃO DO CONSUMIDOR OU DE TERCE,INTERNA;NAO PROGRAMADA;MEIO AMBIENTE;VENTO,40.12,94.18,95.68,08CP5809,COMPANHIA ENERGETICA DE PERNAMBUCO,10835932000108,INTERNA,NAO PROGRAMADA,MEIO AMBIENTE,VENTO,NAO PROGRAMADA,RECLAMACAO_OU_INFORMACAO,PE
19735754,S/I,14191,2607653,2025-09-09 08:02:51,2025-09-10 01:00:52,INFORMAÇÃO OU RECLAMAÇÃO DO CONSUMIDOR OU DE TERCE,INTERNA;NAO PROGRAMADA;TERCEIROS;OBJETO NA REDE,1005.62,10.0,2.4,22GO5802,COMPANHIA ENERGETICA DE PERNAMBUCO,10835932000108,INTERNA,NAO PROGRAMADA,TERCEIROS,OBJETO NA REDE,NAO PROGRAMADA,RECLAMACAO_OU_INFORMACAO,PE
19735952,S/I,16151,2616209,2025-09-09 09:06:23,2025-09-09 12:55:29,INFORMAÇÃO OU RECLAMAÇÃO DO CONSUMIDOR OU DE TERCE,INTERNA;NAO PROGRAMADA;TERCEIROS;ROUBO,147.97,27.28,53.85,STCSRB2SC023,COMPANHIA ENERGETICA DE PERNAMBUCO,10835932000108,INTERNA,NAO PROGRAMADA,TERCEIROS,ROUBO,NAO PROGRAMADA,RECLAMACAO_OU_INFORMACAO,PE
19736609,S/I,14171,2612208,2025-09-09 12:22:57,2025-09-09 22:57:29,INFORMAÇÃO OU RECLAMAÇÃO DO CONSUMIDOR OU DE TERCE,INTERNA;NAO PROGRAMADA;NAO CLASSIFICADA,621.45,3.7,9.38,22SRT5913,COMPANHIA ENERGETICA DE PERNAMBUCO,10835932000108,INTERNA,NAO PROGRAMADA,NAO CLASSIFICADA,,NAO PROGRAMADA,RECLAMACAO_OU_INFORMACAO,PE
19737000,18695143,14135,2602407,2025-09-09 15:10:59,2025-09-10 10:18:54,INFORMAÇÃO OU RECLAMAÇÃO DO CONSUMIDOR OU DE TERCE,INTERNA;NAO PROGRAMADA;MEIO AMBIENTE;VENTO,1064.03,42.18,41.7,STCBCO2CA405,COMPANHIA ENERGETICA DE PERNAMBUCO,10835932000108,INTERNA,NAO PROGRAMADA,MEIO AMBIENTE,VENTO,NAO PROGRAMADA,RECLAMACAO_OU_INFORMACAO,PE
19737203,18694315,16733,2600203,2025-09-09 16:45:37,2025-09-09 20:44:08,INFORMAÇÃO OU RECLAMAÇÃO DO CONSUMIDOR OU DE TERCE,INTERNA;NAO PROGRAMADA;PROPRIAS DO SISTEMA;FALHA DE MATERIAL OU EQUIPAMENTO,160.58,44.92,33.02,14SMV9936,COMPANHIA ENERGETICA DE PERNAMBUCO,10835932000108,INTERNA,NAO PROGRAMADA,PROPRIAS DO SISTEMA,FALHA DE MATERIAL OU EQUIPAMENTO,NAO PROGRAMADA,RECLAMACAO_OU_INFORMACAO,PE
19737425,18694341,14198,2610707,2025-09-09 18:37:07,2025-09-09 21:25:34,INFORMAÇÃO OU RECLAMAÇÃO DO CONSUMIDOR OU DE TERCE,INTERNA;NAO PROGRAMADA;PROPRIAS DO SISTEMA;FALHA DE MATERIAL OU EQUIPAMENTO,113.03,13.85,41.57,14PL3305,COMPANHIA ENERGETICA DE PERNAMBUCO,10835932000108,INTERNA,NAO PROGRAMADA,PROPRIAS DO SISTEMA,FALHA DE MATERIAL OU EQUIPAMENTO,NAO PROGRAMADA,RECLAMACAO_OU_INFORMACAO,PE
19737895,S/I,14126,2601706,2025-09-10 07:36:30,2025-09-11 21:59:34,INFORMAÇÃO OU RECLAMAÇÃO DO CONSUMIDOR OU DE TERCE,INTERNA;NAO PROGRAMADA;NAO CLASSIFICADA,2067.67,10.0,225.4,STCBLJ2BJ01R,COMPANHIA ENERGETICA DE PERNAMBUCO,10835932000108,INTERNA,NAO PROGRAMADA,NAO CLASSIFICADA,,NAO PROGRAMADA,RECLAMACAO_OU_INFORMACAO,PE
19738055,18696413,14193,2610004,2025-09-10 08:52:39,2025-09-10 19:08:29,INFORMAÇÃO OU RECLAMAÇÃO DO CONSUMIDOR OU DE TERCE,INTERNA;NAO PROGRAMADA;TERCEIROS;INTERFERENCIA DE TERCEIROS,455.52,72.93,87.38,14PM0057,COMPANHIA ENERGETICA DE PERNAMBUCO,10835932000108,INTERNA,NAO PROGRAMADA,TERCEIROS,INTERFERENCIA DE TERCEIROS,NAO PROGRAMADA,RECLAMACAO_OU_INFORMACAO,PE
19740671,18699691,16736,2601607,2025-09-11 14:33:18,2025-09-12 14:04:38,INFORMAÇÃO OU RECLAMAÇÃO DO CONSUMIDOR OU DE TERCE,INTERNA;NAO PROGRAMADA;MEIO AMBIENTE;ANIMAIS,33.1,5.4,1372.83,14FRT5790,COMPANHIA ENERGETICA DE PERNAMBUCO,10835932000108,INTERNA,NAO PROGRAMADA,MEIO AMBIENTE,ANIMAIS,NAO PROGRAMADA,RECLAMACAO_OU_INFORMACAO,PE
19741910,18703469,14132,2602308,2025-09-12 10:32:02,2025-09-12 13:05:39,INFORMAÇÃO OU RECLAMAÇÃO DO CONSUMIDOR OU DE TERCE,INTERNA;NAO PROGRAMADA;TERCEIROS;DEFEITO INTERNO NAO AFETANDO OUTRAS UNIDADES CONSU,81.52,21.63,50.47,06PM3533,COMPANHIA ENERGETICA DE PERNAMBUCO,10835932000108,INTERNA,NAO PROGRAMADA,TERCEIROS,DEFEITO INTERNO NAO AFETANDO OUTRAS UNIDADES CONSU,NAO PROGRAMADA,RECLAMACAO_OU_INFORMACAO,PE
19743919,S/I,14182,2608909,2025-09-13 15:20:55,2025-09-13 15:39:27,INFORMAÇÃO OU RECLAMAÇÃO DO CONSUMIDOR OU DE TERCE,INTERNA;NAO PROGRAMADA;NAO CLASSIFICADA,11.92,5.03,1.58,15CP5791,COMPANHIA ENERGETICA DE PERNAMBUCO,10835932000108,INTERNA,NAO PROGRAMADA,NAO CLASSIFICADA,,NAO PROGRAMADA,RECLAMACAO_OU_INFORMACAO,PE
19746217,S/I,14148,2604106,2025-09-15 11:57:14,2025-09-15 15:42:19,INFORMAÇÃO OU RECLAMAÇÃO DO CONSUMIDOR OU DE TERCE,INTERNA;NAO PROGRAMADA;PROPRIAS DO SISTEMA;SUBTENSAO,163.12,22.37,39.6,08CR3346,COMPANHIA ENERGETICA DE PERNAMBUCO,10835932000108,INTERNA,NAO PROGRAMADA,PROPRIAS DO SISTEMA,SUBTENSAO,NAO PROGRAMADA,RECLAMACAO_OU_INFORMACAO,PE
19746524,S/I,14201,2611101,2025-09-15 14:39:58,2025-09-15 18:54:12,INFORMAÇÃO OU RECLAMAÇÃO DO CONSUMIDOR OU DE TERCE,INTERNA;NAO PROGRAMADA;PROPRIAS DO SISTEMA;SUBTENSAO,191.35,25.47,37.42,14PTL5776,COMPANHIA ENERGETICA DE PERNAMBUCO,10835932000108,INTERNA,NAO PROGRAMADA,PROPRIAS DO SISTEMA,SUBTENSAO,NAO PROGRAMADA,RECLAMACAO_OU_INFORMACAO,PE
19749001,S/I,14163,2606200,2025-09-17 06:20:30,2025-09-17 08:36:16,INFORMAÇÃO OU RECLAMAÇÃO DO CONSUMIDOR OU DE TERCE,INTERNA;NAO PROGRAMADA;NAO CLASSIFICADA,116.8,11.63,7.33,08GO0020,COMPANHIA ENERGETICA DE PERNAMBUCO,10835932000108,INTERNA,NAO PROGRAMADA,NAO CLASSIFICADA,,NAO PROGRAMADA,RECLAMACAO_OU_INFORMACAO,PE
19749131,S/I,14163,2606200,2025-09-17 08:08:26,2025-09-17 10:26:47,INFORMAÇÃO OU RECLAMAÇÃO DO CONSUMIDOR OU DE TERCE,INTERNA;NAO PROGRAMADA;PROPRIAS DO SISTEMA;SUBTENSAO,56.97,65.5,15.88,06GO5757,COMPANHIA ENERGETICA DE PERNAMBUCO,10835932000108,INTERNA,NAO PROGRAMADA,PROPRIAS DO SISTEMA,SUBTENSAO,NAO PROGRAMADA,RECLAMACAO_OU_INFORMACAO,PE
19749185,18707525,16739,2607208,2025-09-17 08:29:14,2025-09-17 13:50:18,INFORMAÇÃO OU RECLAMAÇÃO DO CONSUMIDOR OU DE TERCE,INTERNA;NAO PROGRAMADA;PROPRIAS DO SISTEMA;FALHA DE MATERIAL OU EQUIPAMENTO,208.68,60.02,52.37,07CB0114,COMPANHIA ENERGETICA DE PERNAMBUCO,10835932000108,INTERNA,NAO PROGRAMADA,PROPRIAS DO SISTEMA,FALHA DE MATERIAL OU EQUIPAMENTO,NAO PROGRAMADA,RECLAMACAO_OU_INFORMACAO,PE
19749435,S/I,16164,2611606,2025-09-17 10:08:10,2025-09-17 11:32:22,INFORMAÇÃO OU RECLAMAÇÃO DO CONSUMIDOR OU DE TERCE,INTERNA;NAO PROGRAMADA;NAO CLASSIFICADA,36.52,44.72,2.97,06CF3486,COMPANHIA ENERGETICA DE PERNAMBUCO,10835932000108,INTERNA,NAO PROGRAMADA,NAO CLASSIFICADA,,NAO PROGRAMADA,RECLAMACAO_OU_INFORMACAO,PE
19749841,S/I,14198,2610707,2025-09-17 12:47:59,2025-09-17 15:46:20,INFORMAÇÃO OU RECLAMAÇÃO DO CONSUMIDOR OU DE TERCE,INTERNA;NAO PROGRAMADA;NAO CLASSIFICADA,146.78,18.78,12.78,CONGON4BG404,COMPANHIA ENERGETICA DE PERNAMBUCO,10835932000108,INTERNA,NAO PROGRAMADA,NAO CLASSIFICADA,,NAO PROGRAMADA,RECLAMACAO_OU_INFORMACAO,PE
19753932,18712260,16174,2609907,2025-09-19 16:57:05,2025-09-20 01:54:58,INFORMAÇÃO OU RECLAMAÇÃO DO CONSUMIDOR OU DE TERCE,INTERNA;NAO PROGRAMADA;TERCEIROS;INTERFERENCIA DE TERCEIROS,244.17,78.58,215.13,16ORC5764,COMPANHIA ENERGETICA DE PERNAMBUCO,10835932000108,INTERNA,NAO PROGRAMADA,TERCEIROS,INTERFERENCIA DE TERCEIROS,NAO PROGRAMADA,RECLAMACAO_OU_INFORMACAO,PE
19754012,18712435,14141,2610301,2025-09-19 17:31:02,2025-09-20 02:30:04,INFORMAÇÃO OU RECLAMAÇÃO DO CONSUMIDOR OU DE TERCE,INTERNA;NAO PROGRAMADA;PROPRIAS DO SISTEMA;SOBRECARGA,450.33,56.08,32.62,22GA5845,COMPANHIA ENERGETICA DE PERNAMBUCO,10835932000108,INTERNA,NAO PROGRAMADA,PROPRIAS DO SISTEMA,SOBRECARGA,NAO PROGRAMADA,RECLAMACAO_OU_INFORMACAO,PE
19754732,18713076,14231,2614857,2025-09-20 06:54:29,2025-09-20 13:27:16,INFORMAÇÃO OU RECLAMAÇÃO DO CONSUMIDOR OU DE TERCE,INTERNA;NAO PROGRAMADA;PROPRIAS DO SISTEMA;FALHA DE MATERIAL OU EQUIPAMENTO,255.12,119.42,18.25,06RB3581,COMPANHIA ENERGETICA DE PERNAMBUCO,10835932000108,INTERNA,NAO PROGRAMADA,PROPRIAS DO SISTEMA,FALHA DE MATERIAL OU EQUIPAMENTO,NAO PROGRAMADA,RECLAMACAO_OU_INFORMACAO,PE
19755940,18713938,16179,2602803,2025-09-20 20:55:42,2025-09-21 01:05:58,INFORMAÇÃO OU RECLAMAÇÃO DO CONSUMIDOR OU DE TERCE,INTERNA;NAO PROGRAMADA;MEIO AMBIENTE;ANIMAIS,82.2,89.48,78.58,22AC5761,COMPANHIA ENERGETICA DE PERNAMBUCO,10835932000108,INTERNA,NAO PROGRAMADA,MEIO AMBIENTE,ANIMAIS,NAO PROGRAMADA,RECLAMACAO_OU_INFORMACAO,PE
19760616,18718588,16172,2611606,2025-09-23 22:07:36,2025-09-23 23:07:13,INFORMAÇÃO OU RECLAMAÇÃO DO CONSUMIDOR OU DE TERCE,INTERNA;NAO PROGRAMADA;TERCEIROS;INTERFERENCIA DE TERCEIROS,29.33,13.6,16.68,22VA3478,COMPANHIA ENERGETICA DE PERNAMBUCO,10835932000108,INTERNA,NAO PROGRAMADA,TERCEIROS,INTERFERENCIA DE TERCEIROS,NAO PROGRAMADA,RECLAMACAO_OU_INFORMACAO,PE
19760958,18719069,15659,2602902,2025-09-24 08:02:21,2025-09-24 09:28:35,INFORMAÇÃO OU RECLAMAÇÃO DO CONSUMIDOR OU DE TERCE,INTERNA;NAO PROGRAMADA;PROPRIAS DO SISTEMA;FALHA DE MATERIAL OU EQUIPAMENTO,23.17,20.03,43.03,06CB0101,COMPANHIA ENERGETICA DE PERNAMBUCO,10835932000108,INTERNA,NAO PROGRAMADA,PROPRIAS DO SISTEMA,FALHA DE MATERIAL OU EQUIPAMENTO,NAO PROGRAMADA,RECLAMACAO_OU_INFORMACAO,PE
19765507,18725658,16737,2605004,2025-09-26 07:35:48,2025-09-26 15:46:14,INFORMAÇÃO OU RECLAMAÇÃO DO CONSUMIDOR OU DE TERCE,INTERNA;NAO PROGRAMADA;PROPRIAS DO SISTEMA;FALHA DE MATERIAL OU EQUIPAMENTO,450.68,34.42,5.33,STCBLJ2BJ01S,COMPANHIA ENERGETICA DE PERNAMBUCO,10835932000108,INTERNA,NAO PROGRAMADA,PROPRIAS DO SISTEMA,FALHA DE MATERIAL OU EQUIPAMENTO,NAO PROGRAMADA,RECLAMACAO_OU_INFORMACAO,PE
19765776,18724761,14144,2604106,2025-09-26 09:10:52,2025-09-26 15:17:26,INFORMAÇÃO OU RECLAMAÇÃO DO CONSUMIDOR OU DE TERCE,INTERNA;NAO PROGRAMADA;PROPRIAS DO SISTEMA;FALHA DE MATERIAL OU EQUIPAMENTO,329.28,17.58,19.7,STCCRR2CR01U,COMPANHIA ENERGETICA DE PERNAMBUCO,10835932000108,INTERNA,NAO PROGRAMADA,PROPRIAS DO SISTEMA,FALHA DE MATERIAL OU EQUIPAMENTO,NAO PROGRAMADA,RECLAMACAO_OU_INFORMACAO,PE
19767348,S/I,14204,2611606,2025-09-26 21:45:49,2025-09-27 03:52:46,INFORMAÇÃO OU RECLAMAÇÃO DO CONSUMIDOR OU DE TERCE,INTERNA;NAO PROGRAMADA;PROPRIAS DO SISTEMA;NAO IDENTIFICADA,351.95,3.83,11.17,22BV0012,COMPANHIA ENERGETICA DE PERNAMBUCO,10835932000108,INTERNA,NAO PROGRAMADA,PROPRIAS DO SISTEMA,NAO IDENTIFICADA,NAO PROGRAMADA,RECLAMACAO_OU_INFORMACAO,PE
19769460,S/I,16168,2615003,2025-09-28 10:07:11,2025-09-28 11:22:06,INFORMAÇÃO OU RECLAMAÇÃO DO CONSUMIDOR OU DE TERCE,INTERNA;NAO PROGRAMADA;NAO CLASSIFICADA,37.18,28.03,9.7,08SC3653,COMPANHIA ENERGETICA DE PERNAMBUCO,10835932000108,INTERNA,NAO PROGRAMADA,NAO CLASSIFICADA,,NAO PROGRAMADA,RECLAMACAO_OU_INFORMACAO,PE
19771452,18731639,14195,2600054,2025-09-29 14:16:00,2025-09-30 08:58:51,INFORMAÇÃO OU RECLAMAÇÃO DO CONSUMIDOR OU DE TERCE,INTERNA;NAO PROGRAMADA;PROPRIAS DO SISTEMA;FALHA DE MATERIAL OU EQUIPAMENTO,20.72,25.07,1077.07,08PL3300,COMPANHIA ENERGETICA DE PERNAMBUCO,10835932000108,INTERNA,NAO PROGRAMADA,PROPRIAS DO SISTEMA,FALHA DE MATERIAL OU EQUIPAMENTO,NAO PROGRAMADA,RECLAMACAO_OU_INFORMACAO,PE
19773081,S/I,14153,2606804,2025-09-30 09:16:14,2025-10-01 16:29:35,INFORMAÇÃO OU RECLAMAÇÃO DO CONSUMIDOR OU DE TERCE,INTERNA;NAO PROGRAMADA;NAO CLASSIFICADA,1811.95,60.73,0.67,STCGOIEXTRA1,COMPANHIA ENERGETICA DE PERNAMBUCO,10835932000108,INTERNA,NAO PROGRAMADA,NAO CLASSIFICADA,,NAO PROGRAMADA,RECLAMACAO_OU_INFORMACAO,PE
19776062,18813691,14212,2609600,2025-10-01 11:54:17,2025-10-01 19:35:52,INFORMAÇÃO OU RECLAMAÇÃO DO CONSUMIDOR OU DE TERCE,INTERNA;NAO PROGRAMADA;MEIO AMBIENTE;QUEIMADA OU INCENDIO,381.15,27.17,53.27,14OL3322,COMPANHIA ENERGETICA DE PERNAMBUCO,10835932000108,INTERNA,NAO PROGRAMADA,MEIO AMBIENTE,QUEIMADA OU INCENDIO,NAO PROGRAMADA,RECLAMACAO_OU_INFORMACAO,PE
19776640,18735412,14229,2607901,2025-10-01 15:21:11,2025-10-01 19:29:59,INFORMAÇÃO OU RECLAMAÇÃO DO CONSUMIDOR OU DE TERCE,INTERNA;NAO PROGRAMADA;FALHA OPERACIONAL;SERVICO MAL EXECUTADO,129.77,23.67,95.37,16PD0021,COMPANHIA ENERGETICA DE PERNAMBUCO,10835932000108,INTERNA,NAO PROGRAMADA,FALHA OPERACIONAL,SERVICO MAL EXECUTADO,NAO PROGRAMADA,RECLAMACAO_OU_INFORMACAO,PE
19778762,18738381,16171,2607901,2025-10-02 15:07:49,2025-10-02 17:12:03,INFORMAÇÃO OU RECLAMAÇÃO DO CONSUMIDOR OU DE TERCE,INTERNA;NAO PROGRAMADA;PROPRIAS DO SISTEMA;FALHA DE MATERIAL OU EQUIPAMENTO,29.95,10.68,83.6,STCPDD2BQ406,COMPANHIA ENERGETICA DE PERNAMBUCO,10835932000108,INTERNA,NAO PROGRAMADA,PROPRIAS DO SISTEMA,FALHA DE MATERIAL OU EQUIPAMENTO,NAO PROGRAMADA,RECLAMACAO_OU_INFORMACAO,PE
19778928,18737936,16735,2612604,2025-10-02 16:13:52,2025-10-02 23:28:24,INFORMAÇÃO OU RECLAMAÇÃO DO CONSUMIDOR OU DE TERCE,INTERNA;NAO PROGRAMADA;MEIO AMBIENTE;ANIMAIS,359.2,35.33,40.0,22SMV5748,COMPANHIA ENERGETICA DE PERNAMBUCO,10835932000108,INTERNA,NAO PROGRAMADA,MEIO AMBIENTE,ANIMAIS,NAO PROGRAMADA,RECLAMACAO_OU_INFORMACAO,PE
19780667,18739746,15662,2606101,2025-10-03 13:38:40,2025-10-03 16:52:06,INFORMAÇÃO OU RECLAMAÇÃO DO CONSUMIDOR OU DE TERCE,INTERNA;NAO PROGRAMADA;PROPRIAS DO SISTEMA;FALHA DE MATERIAL OU EQUIPAMENTO,69.88,41.43,82.12,14VT0004,COMPANHIA ENERGETICA DE PERNAMBUCO,10835932000108,INTERNA,NAO PROGRAMADA,PROPRIAS DO SISTEMA,FALHA DE MATERIAL OU EQUIPAMENTO,NAO PROGRAMADA,RECLAMACAO_OU_INFORMACAO,PE
19781125,18739816,14214,2607901,2025-10-03 17:46:02,2025-10-03 18:53:18,INFORMAÇÃO OU RECLAMAÇÃO DO CONSUMIDOR OU DE TERCE,INTERNA;NAO PROGRAMADA;TERCEIROS;INTERFERENCIA DE TERCEIROS,39.18,9.58,18.5,16PD0021,COMPANHIA ENERGETICA DE PERNAMBUCO,10835932000108,INTERNA,NAO PROGRAMADA,TERCEIROS,INTERFERENCIA DE TERCEIROS,NAO PROGRAMADA,RECLAMACAO_OU_INFORMACAO,PE
19782640,18741619,15663,2615300,2025-10-04 18:46:44,2025-10-04 22:17:38,INFORMAÇÃO OU RECLAMAÇÃO DO CONSUMIDOR OU DE TERCE,INTERNA;NAO PROGRAMADA;PROPRIAS DO SISTEMA;FALHA DE MATERIAL OU EQUIPAMENTO,65.55,56.53,88.82,15TB5861,COMPANHIA ENERGETICA DE PERNAMBUCO,10835932000108,INTERNA,NAO PROGRAMADA,PROPRIAS DO SISTEMA,FALHA DE MATERIAL OU EQUIPAMENTO,NAO PROGRAMADA,RECLAMACAO_OU_INFORMACAO,PE
19784512,18745229,14187,2609402,2025-10-06 11:13:32,2025-10-06 23:44:06,INFORMAÇÃO OU RECLAMAÇÃO DO CONSUMIDOR OU DE TERCE,INTERNA;NAO PROGRAMADA;MEIO AMBIENTE;QUEIMADA OU INCENDIO,654.27,47.85,48.45,22VT0009,COMPANHIA ENERGETICA DE PERNAMBUCO,10835932000108,INTERNA,NAO PROGRAMADA,MEIO AMBIENTE,QUEIMADA OU INCENDIO,NAO PROGRAMADA,RECLAMACAO_OU_INFORMACAO,PE
19786626,18801991,15662,2616407,2025-10-07 15:08:08,2025-10-07 16:06:12,INFORMAÇÃO OU RECLAMAÇÃO DO CONSUMIDOR OU DE TERCE,INTERNA;NAO PROGRAMADA;TERCEIROS;INTERFERENCIA DE TERCEIROS,14.03,14.35,29.68,14VT0004,COMPANHIA ENERGETICA DE PERNAMBUCO,10835932000108,INTERNA,NAO PROGRAMADA,TERCEIROS,INTERFERENCIA DE TERCEIROS,NAO PROGRAMADA,RECLAMACAO_OU_INFORMACAO,PE
19787505,S/I,14148,2604106,2025-10-08 08:43:39,2025-10-08 16:16:24,INFORMAÇÃO OU RECLAMAÇÃO DO CONSUMIDOR OU DE TERCE,INTERNA;NAO PROGRAMADA;PROPRIAS DO SISTEMA;SUBTENSAO,374.07,41.05,37.63,08CR3346,COMPANHIA ENERGETICA DE PERNAMBUCO,10835932000108,INTERNA,NAO PROGRAMADA,PROPRIAS DO SISTEMA,SUBTENSAO,NAO PROGRAMADA,RECLAMACAO_OU_INFORMACAO,PE
19787766,S/I,14160,2606002,2025-10-08 10:26:24,2025-10-09 00:03:09,INFORMAÇÃO OU RECLAMAÇÃO DO CONSUMIDOR OU DE TERCE,INTERNA;NAO PROGRAMADA;NAO CLASSIFICADA,800.97,14.15,1.63,22GA5845,COMPANHIA ENERGETICA DE PERNAMBUCO,10835932000108,INTERNA,NAO PROGRAMADA,NAO CLASSIFICADA,,NAO PROGRAMADA,RECLAMACAO_OU_INFORMACAO,PE
19788102,18748564,14163,2606200,2025-10-08 13:10:57,2025-10-08 19:45:30,INFORMAÇÃO OU RECLAMAÇÃO DO CONSUMIDOR OU DE TERCE,INTERNA;NAO PROGRAMADA;FALHA OPERACIONAL;SERVICO MAL EXECUTADO,192.4,13.1,189.05,15GO0012,COMPANHIA ENERGETICA DE PERNAMBUCO,10835932000108,INTERNA,NAO PROGRAMADA,FALHA OPERACIONAL,SERVICO MAL EXECUTADO,NAO PROGRAMADA,RECLAMACAO_OU_INFORMACAO,PE
19791455,18752597,16735,2610400,2025-10-10 12:57:00,2025-10-10 22:08:12,INFORMAÇÃO OU RECLAMAÇÃO DO CONSUMIDOR OU DE TERCE,INTERNA;NAO PROGRAMADA;MEIO AMBIENTE;DESCARGA ATMOSFERICA,387.5,70.92,92.78,14ORC0132,COMPANHIA ENERGETICA DE PERNAMBUCO,10835932000108,INTERNA,NAO PROGRAMADA,MEIO AMBIENTE,DESCARGA ATMOSFERICA,NAO PROGRAMADA,RECLAMACAO_OU_INFORMACAO,PE
19792488,18753096,16163,2602902,2025-10-11 08:57:45,2025-10-11 11:42:01,INFORMAÇÃO OU RECLAMAÇÃO DO CONSUMIDOR OU DE TERCE,INTERNA;NAO PROGRAMADA;PROPRIAS DO SISTEMA;FALHA DE MATERIAL OU EQUIPAMENTO,54.15,57.25,52.87,07CB3585,COMPANHIA ENERGETICA DE PERNAMBUCO,10835932000108,INTERNA,NAO PROGRAMADA,PROPRIAS DO SISTEMA,FALHA DE MATERIAL OU EQUIPAMENTO,NAO PROGRAMADA,RECLAMACAO_OU_INFORMACAO,PE
19792573,18753050,16152,2606408,2025-10-11 09:54:07,2025-10-11 11:51:15,INFORMAÇÃO OU RECLAMAÇÃO DO CONSUMIDOR OU DE TERCE,INTERNA;NAO PROGRAMADA;NAO CLASSIFICADA,19.32,36.12,61.7,06VT0013,COMPANHIA ENERGETICA DE PERNAMBUCO,10835932000108,INTERNA,NAO PROGRAMADA,NAO CLASSIFICADA,,NAO PROGRAMADA,RECLAMACAO_OU_INFORMACAO,PE
19792822,18827288,14157,2602001,2025-10-11 12:40:50,2025-10-11 18:03:15,INFORMAÇÃO OU RECLAMAÇÃO DO CONSUMIDOR OU DE TERCE,INTERNA;NAO PROGRAMADA;TERCEIROS;DEFEITO INTERNO NAO AFETANDO OUTRAS UNIDADES CONSU,283.7,23.82,14.9,14ORC0132,COMPANHIA ENERGETICA DE PERNAMBUCO,10835932000108,INTERNA,NAO PROGRAMADA,TERCEIROS,DEFEITO INTERNO NAO AFETANDO OUTRAS UNIDADES CONSU,NAO PROGRAMADA,RECLAMACAO_OU_INFORMACAO,PE
19793956,18755628,15663,2615300,2025-10-12 12:05:57,2025-10-12 14:25:13,INFORMAÇÃO OU RECLAMAÇÃO DO CONSUMIDOR OU DE TERCE,INTERNA;NAO PROGRAMADA;TERCEIROS;DEFEITO INTERNO NAO AFETANDO OUTRAS UNIDADES CONSU,106.12,17.22,15.93,08TB5765,COMPANHIA ENERGETICA DE PERNAMBUCO,10835932000108,INTERNA,NAO PROGRAMADA,TERCEIROS,DEFEITO INTERNO NAO AFETANDO OUTRAS UNIDADES CONSU,NAO PROGRAMADA,RECLAMACAO_OU_INFORMACAO,PE
19798351,S/I,15663,2609006,2025-10-14 12:42:44,2025-10-14 15:52:22,INFORMAÇÃO OU RECLAMAÇÃO DO CONSUMIDOR OU DE TERCE,INTERNA;NAO PROGRAMADA;PROPRIAS DO SISTEMA;FALHA DE MATERIAL OU EQUIPAMENTO,87.32,36.0,66.32,15TB5861,COMPANHIA ENERGETICA DE PERNAMBUCO,10835932000108,INTERNA,NAO PROGRAMADA,PROPRIAS DO SISTEMA,FALHA DE MATERIAL OU EQUIPAMENTO,NAO PROGRAMADA,RECLAMACAO_OU_INFORMACAO,PE
19801184,S/I,15662,2616407,2025-10-16 08:54:29,2025-10-16 19:24:31,INFORMAÇÃO OU RECLAMAÇÃO DO CONSUMIDOR OU DE TERCE,INTERNA;NAO PROGRAMADA;NAO CLASSIFICADA,586.45,19.03,24.55,14VT0004,COMPANHIA ENERGETICA DE PERNAMBUCO,10835932000108,INTERNA,NAO PROGRAMADA,NAO CLASSIFICADA,,NAO PROGRAMADA,RECLAMACAO_OU_INFORMACAO,PE
19804436,18765603,14127,2601904,2025-10-18 08:44:22,2025-10-18 13:40:09,INFORMAÇÃO OU RECLAMAÇÃO DO CONSUMIDOR OU DE TERCE,INTERNA;NAO PROGRAMADA;MEIO AMBIENTE;ARVORE OU VEGETACAO,94.83,80.15,120.8,06PM3533,COMPANHIA ENERGETICA DE PERNAMBUCO,10835932000108,INTERNA,NAO PROGRAMADA,MEIO AMBIENTE,ARVORE OU VEGETACAO,NAO PROGRAMADA,RECLAMACAO_OU_INFORMACAO,PE
19804501,18765369,14205,2602902,2025-10-18 09:23:15,2025-10-18 10:10:27,INFORMAÇÃO OU RECLAMAÇÃO DO CONSUMIDOR OU DE TERCE,INTERNA;NAO PROGRAMADA;MEIO AMBIENTE;QUEIMADA OU INCENDIO,22.52,7.85,16.83,07CB0114,COMPANHIA ENERGETICA DE PERNAMBUCO,10835932000108,INTERNA,NAO PROGRAMADA,MEIO AMBIENTE,QUEIMADA OU INCENDIO,NAO PROGRAMADA,RECLAMACAO_OU_INFORMACAO,PE
19804928,18766000,16745,2611606,2025-10-18 13:28:23,2025-10-18 19:00:15,INFORMAÇÃO OU RECLAMAÇÃO DO CONSUMIDOR OU DE TERCE,INTERNA;NAO PROGRAMADA;PROPRIAS DO SISTEMA;FALHA DE MATERIAL OU EQUIPAMENTO,236.27,43.58,52.02,14BI0004,COMPANHIA ENERGETICA DE PERNAMBUCO,10835932000108,INTERNA,NAO PROGRAMADA,PROPRIAS DO SISTEMA,FALHA DE MATERIAL OU EQUIPAMENTO,NAO PROGRAMADA,RECLAMACAO_OU_INFORMACAO,PE
19806989,18767897,16183,2611606,2025-10-19 17:53:49,2025-10-19 20:41:21,INFORMAÇÃO OU RECLAMAÇÃO DO CONSUMIDOR OU DE TERCE,INTERNA;NAO PROGRAMADA;PROPRIAS DO SISTEMA;FALHA DE MATERIAL OU EQUIPAMENTO,60.15,69.25,38.13,14VA3314,COMPANHIA ENERGETICA DE PERNAMBUCO,10835932000108,INTERNA,NAO PROGRAMADA,PROPRIAS DO SISTEMA,FALHA DE MATERIAL OU EQUIPAMENTO,NAO PROGRAMADA,RECLAMACAO_OU_INFORMACAO,PE
19807219,18768946,14198,2610707,2025-10-19 21:04:25,2025-10-20 12:01:34,INFORMAÇÃO OU RECLAMAÇÃO DO CONSUMIDOR OU DE TERCE,INTERNA;NAO PROGRAMADA;PROPRIAS DO SISTEMA;FALHA DE MATERIAL OU EQUIPAMENTO,812.53,27.23,57.38,CONPLT4BH40E,COMPANHIA ENERGETICA DE PERNAMBUCO,10835932000108,INTERNA,NAO PROGRAMADA,PROPRIAS DO SISTEMA,FALHA DE MATERIAL OU EQUIPAMENTO,NAO PROGRAMADA,RECLAMACAO_OU_INFORMACAO,PE
19808605,S/I,14202,2611101,2025-10-20 13:56:16,2025-10-20 19:29:25,INFORMAÇÃO OU RECLAMAÇÃO DO CONSUMIDOR OU DE TERCE,INTERNA;NAO PROGRAMADA;TERCEIROS;INTERFERENCIA DE TERCEIROS,56.73,10.0,266.42,OOPT3362,COMPANHIA ENERGETICA DE PERNAMBUCO,10835932000108,INTERNA,NAO PROGRAMADA,TERCEIROS,INTERFERENCIA DE TERCEIROS,NAO PROGRAMADA,RECLAMACAO_OU_INFORMACAO,PE
19809331,18771302,16166,2613909,2025-10-20 17:54:08,2025-10-21 08:55:00,INFORMAÇÃO OU RECLAMAÇÃO DO CONSUMIDOR OU DE TERCE,INTERNA;NAO PROGRAMADA;PROPRIAS DO SISTEMA;SUBTENSAO,182.22,7.88,710.77,22SRT9935,COMPANHIA ENERGETICA DE PERNAMBUCO,10835932000108,INTERNA,NAO PROGRAMADA,PROPRIAS DO SISTEMA,SUBTENSAO,NAO PROGRAMADA,RECLAMACAO_OU_INFORMACAO,PE
19810241,S/I,16185,2611606,2025-10-21 08:10:27,2025-10-21 12:24:44,INFORMAÇÃO OU RECLAMAÇÃO DO CONSUMIDOR OU DE TERCE,INTERNA;NAO PROGRAMADA;PROPRIAS DO SISTEMA;SUBTENSAO,175.48,13.9,64.9,CONCF4B460E,COMPANHIA ENERGETICA DE PERNAMBUCO,10835932000108,INTERNA,NAO PROGRAMADA,PROPRIAS DO SISTEMA,SUBTENSAO,NAO PROGRAMADA,RECLAMACAO_OU_INFORMACAO,PE
19810481,18771267,16744,2611606,2025-10-21 09:19:56,2025-10-21 13:43:00,INFORMAÇÃO OU RECLAMAÇÃO DO CONSUMIDOR OU DE TERCE,INTERNA;NAO PROGRAMADA;TERCEIROS;DEFEITO INTERNO NAO AFETANDO OUTRAS UNIDADES CONSU,143.07,60.0,60.0,06VA3464,COMPANHIA ENERGETICA DE PERNAMBUCO,10835932000108,INTERNA,NAO PROGRAMADA,TERCEIROS,DEFEITO INTERNO NAO AFETANDO OUTRAS UNIDADES CONSU,NAO PROGRAMADA,RECLAMACAO_OU_INFORMACAO,PE
19813814,S/I,16181,2600609,2025-10-22 18:38:20,2025-10-22 21:55:17,INFORMAÇÃO OU RECLAMAÇÃO DO CONSUMIDOR OU DE TERCE,INTERNA;NAO PROGRAMADA;NAO CLASSIFICADA,147.28,48.22,1.45,14AC5832,COMPANHIA ENERGETICA DE PERNAMBUCO,10835932000108,INTERNA,NAO PROGRAMADA,NAO CLASSIFICADA,,NAO PROGRAMADA,RECLAMACAO_OU_INFORMACAO,PE
19815530,S/I,14219,2609600,2025-10-23 08:44:30,2025-10-24 00:56:13,INFORMAÇÃO OU RECLAMAÇÃO DO CONSUMIDOR OU DE TERCE,INTERNA;NAO PROGRAMADA;NAO CLASSIFICADA,944.65,15.8,11.27,22OL3303,COMPANHIA ENERGETICA DE PERNAMBUCO,10835932000108,INTERNA,NAO PROGRAMADA,NAO CLASSIFICADA,,NAO PROGRAMADA,RECLAMACAO_OU_INFORMACAO,PE
19816469,18778216,14187,2609402,2025-10-24 08:34:59,2025-10-24 10:36:13,REGISTRO AUTOMÁTICO DO SISTEMA DE SUPERVISÃO DA DI,INTERNA;NAO PROGRAMADA;TERCEIROS;INTERFERENCIA DE TERCEIROS,16.38,9.35,95.5,06VT0008,COMPANHIA ENERGETICA DE PERNAMBUCO,10835932000108,INTERNA,NAO PROGRAMADA,TERCEIROS,INTERFERENCIA DE TERCEIROS,NAO PROGRAMADA,SISTEMA_SUPERVISAO_AUTOMATICO,PE
19817045,18778852,16744,2607901,2025-10-24 11:27:47,2025-10-24 14:15:34,INFORMAÇÃO OU RECLAMAÇÃO DO CONSUMIDOR OU DE TERCE,INTERNA;NAO PROGRAMADA;MEIO AMBIENTE;CORROSAO,23.65,31.9,112.23,06JB0140,COMPANHIA ENERGETICA DE PERNAMBUCO,10835932000108,INTERNA,NAO PROGRAMADA,MEIO AMBIENTE,CORROSAO,NAO PROGRAMADA,RECLAMACAO_OU_INFORMACAO,PE
19817197,18792018,15662,2616407,2025-10-24 12:12:16,2025-10-24 18:38:46,INFORMAÇÃO OU RECLAMAÇÃO DO CONSUMIDOR OU DE TERCE,INTERNA;NAO PROGRAMADA;NAO CLASSIFICADA,213.18,7.5,165.82,06VT0005,COMPANHIA ENERGETICA DE PERNAMBUCO,10835932000108,INTERNA,NAO PROGRAMADA,NAO CLASSIFICADA,,NAO PROGRAMADA,RECLAMACAO_OU_INFORMACAO,PE
19817882,18779285,15662,2616407,2025-10-24 15:42:14,2025-10-24 16:54:56,INFORMAÇÃO OU RECLAMAÇÃO DO CONSUMIDOR OU DE TERCE,INTERNA;NAO PROGRAMADA;NAO CLASSIFICADA,36.52,21.22,14.97,14VT0003,COMPANHIA ENERGETICA DE PERNAMBUCO,10835932000108,INTERNA,NAO PROGRAMADA,NAO CLASSIFICADA,,NAO PROGRAMADA,RECLAMACAO_OU_INFORMACAO,PE
19818999,S/I,15662,2611309,2025-10-25 06:36:50,2025-10-25 13:47:46,INFORMAÇÃO OU RECLAMAÇÃO DO CONSUMIDOR OU DE TERCE,INTERNA;NAO PROGRAMADA;NAO CLASSIFICADA,380.85,48.65,1.43,06VT0006,COMPANHIA ENERGETICA DE PERNAMBUCO,10835932000108,INTERNA,NAO PROGRAMADA,NAO CLASSIFICADA,,NAO PROGRAMADA,RECLAMACAO_OU_INFORMACAO,PE
19819808,18782353,16152,2606408,2025-10-25 11:32:57,2025-10-26 06:54:03,INFORMAÇÃO OU RECLAMAÇÃO DO CONSUMIDOR OU DE TERCE,INTERNA;NAO PROGRAMADA;TERCEIROS;DEFEITO INTERNO NAO AFETANDO OUTRAS UNIDADES CONSU,631.12,21.1,508.88,14VT0011,COMPANHIA ENERGETICA DE PERNAMBUCO,10835932000108,INTERNA,NAO PROGRAMADA,TERCEIROS,DEFEITO INTERNO NAO AFETANDO OUTRAS UNIDADES CONSU,NAO PROGRAMADA,RECLAMACAO_OU_INFORMACAO,PE
19820568,18781893,16743,2611606,2025-10-25 16:55:24,2025-10-25 22:36:39,INFORMAÇÃO OU RECLAMAÇÃO DO CONSUMIDOR OU DE TERCE,INTERNA;NAO PROGRAMADA;MEIO AMBIENTE;QUEIMADA OU INCENDIO,231.35,38.57,71.33,15BV0018,COMPANHIA ENERGETICA DE PERNAMBUCO,10835932000108,INTERNA,NAO PROGRAMADA,MEIO AMBIENTE,QUEIMADA OU INCENDIO,NAO PROGRAMADA,RECLAMACAO_OU_INFORMACAO,PE
19821108,S/I,15659,2602902,2025-10-25 23:14:24,2025-10-27 03:45:30,INFORMAÇÃO OU RECLAMAÇÃO DO CONSUMIDOR OU DE TERCE,INTERNA;NAO PROGRAMADA;PROPRIAS DO SISTEMA;SUBTENSAO,1677.57,18.83,14.7,22CB3490,COMPANHIA ENERGETICA DE PERNAMBUCO,10835932000108,INTERNA,NAO PROGRAMADA,PROPRIAS DO SISTEMA,SUBTENSAO,NAO PROGRAMADA,RECLAMACAO_OU_INFORMACAO,PE
19822535,18784735,14162,2613701,2025-10-26 17:17:29,2025-10-27 17:58:47,INFORMAÇÃO OU RECLAMAÇÃO DO CONSUMIDOR OU DE TERCE,INTERNA;NAO PROGRAMADA;PROPRIAS DO SISTEMA;FALHA DE MATERIAL OU EQUIPAMENTO,879.0,76.3,526.0,STCCMB2CP01B,COMPANHIA ENERGETICA DE PERNAMBUCO,10835932000108,INTERNA,NAO PROGRAMADA,PROPRIAS DO SISTEMA,FALHA DE MATERIAL OU EQUIPAMENTO,NAO PROGRAMADA,RECLAMACAO_OU_INFORMACAO,PE
19823620,S/I,16165,2603926,2025-10-27 09:13:31,2025-10-27 21:46:31,INFORMAÇÃO OU RECLAMAÇÃO DO CONSUMIDOR OU DE TERCE,INTERNA;NAO PROGRAMADA;TERCEIROS;VANDALISMO,218.58,9.65,524.77,06SRT5746,COMPANHIA ENERGETICA DE PERNAMBUCO,10835932000108,INTERNA,NAO PROGRAMADA,TERCEIROS,VANDALISMO,NAO PROGRAMADA,RECLAMACAO_OU_INFORMACAO,PE
19824698,18787299,14148,2604106,2025-10-27 17:16:14,2025-10-28 09:34:31,INFORMAÇÃO OU RECLAMAÇÃO DO CONSUMIDOR OU DE TERCE,INTERNA;NAO PROGRAMADA;TERCEIROS;OBJETO NA REDE,896.78,33.48,48.02,06CR0152,COMPANHIA ENERGETICA DE PERNAMBUCO,10835932000108,INTERNA,NAO PROGRAMADA,TERCEIROS,OBJETO NA REDE,NAO PROGRAMADA,RECLAMACAO_OU_INFORMACAO,PE
19826531,18788568,14141,2610301,2025-10-28 12:36:17,2025-10-28 15:40:55,INFORMAÇÃO OU RECLAMAÇÃO DO CONSUMIDOR OU DE TERCE,INTERNA;NAO PROGRAMADA;MEIO AMBIENTE;ARVORE OU VEGETACAO,131.37,8.67,44.6,10BCO3567,COMPANHIA ENERGETICA DE PERNAMBUCO,10835932000108,INTERNA,NAO PROGRAMADA,MEIO AMBIENTE,ARVORE OU VEGETACAO,NAO PROGRAMADA,RECLAMACAO_OU_INFORMACAO,PE
19828066,18789686,14143,2602308,2025-10-29 06:06:52,2025-10-29 10:59:08,INFORMAÇÃO OU RECLAMAÇÃO DO CONSUMIDOR OU DE TERCE,INTERNA;NAO PROGRAMADA;PROPRIAS DO SISTEMA;FALHA DE MATERIAL OU EQUIPAMENTO,140.0,30.37,121.9,06PM3533,COMPANHIA ENERGETICA DE PERNAMBUCO,10835932000108,INTERNA,NAO PROGRAMADA,PROPRIAS DO SISTEMA,FALHA DE MATERIAL OU EQUIPAMENTO,NAO PROGRAMADA,RECLAMACAO_OU_INFORMACAO,PE
19829521,18791479,14160,2606002,2025-10-29 17:10:11,2025-10-30 09:19:24,INFORMAÇÃO OU RECLAMAÇÃO DO CONSUMIDOR OU DE TERCE,INTERNA;NAO PROGRAMADA;MEIO AMBIENTE;ARVORE OU VEGETACAO,81.23,36.98,851.0,14GA5870,COMPANHIA ENERGETICA DE PERNAMBUCO,10835932000108,INTERNA,NAO PROGRAMADA,MEIO AMBIENTE,ARVORE OU VEGETACAO,NAO PROGRAMADA,RECLAMACAO_OU_INFORMACAO,PE
19829917,S/I,14130,2616209,2025-10-29 22:32:33,2025-10-30 14:29:41,INFORMAÇÃO OU RECLAMAÇÃO DO CONSUMIDOR OU DE TERCE,INTERNA;NAO PROGRAMADA;NAO CLASSIFICADA,904.35,47.98,4.8,08SR3545,COMPANHIA ENERGETICA DE PERNAMBUCO,10835932000108,INTERNA,NAO PROGRAMADA,NAO CLASSIFICADA,,NAO PROGRAMADA,RECLAMACAO_OU_INFORMACAO,PE
19830470,18793253,16151,2616209,2025-10-30 11:03:41,2025-10-30 13:35:59,REGISTRO AUTOMÁTICO DO SISTEMA DE SUPERVISÃO DA DI,INTERNA;NAO PROGRAMADA;TERCEIROS;OBJETO NA REDE,16.65,5.47,130.18,08SR3545,COMPANHIA ENERGETICA DE PERNAMBUCO,10835932000108,INTERNA,NAO PROGRAMADA,TERCEIROS,OBJETO NA REDE,NAO PROGRAMADA,SISTEMA_SUPERVISAO_AUTOMATICO,PE
19837862,18802525,14171,2607000,2025-11-04 11:41:12,2025-11-04 15:54:19,INFORMAÇÃO OU RECLAMAÇÃO DO CONSUMIDOR OU DE TERCE,INTERNA;NAO PROGRAMADA;PROPRIAS DO SISTEMA;FALHA DE MATERIAL OU EQUIPAMENTO,182.25,54.33,16.53,12FRT5844,COMPANHIA ENERGETICA DE PERNAMBUCO,10835932000108,INTERNA,NAO PROGRAMADA,PROPRIAS DO SISTEMA,FALHA DE MATERIAL OU EQUIPAMENTO,NAO PROGRAMADA,RECLAMACAO_OU_INFORMACAO,PE
19838815,18803068,15659,2602902,2025-11-04 19:48:23,2025-11-04 22:41:04,INFORMAÇÃO OU RECLAMAÇÃO DO CONSUMIDOR OU DE TERCE,INTERNA;NAO PROGRAMADA;PROPRIAS DO SISTEMA;FALHA DE MATERIAL OU EQUIPAMENTO,129.0,32.85,10.83,22CB0103,COMPANHIA ENERGETICA DE PERNAMBUCO,10835932000108,INTERNA,NAO PROGRAMADA,PROPRIAS DO SISTEMA,FALHA DE MATERIAL OU EQUIPAMENTO,NAO PROGRAMADA,RECLAMACAO_OU_INFORMACAO,PE
19839377,18825190,16178,2606705,2025-11-05 07:15:54,2025-11-05 10:35:08,INFORMAÇÃO OU RECLAMAÇÃO DO CONSUMIDOR OU DE TERCE,INTERNA;NAO PROGRAMADA;NAO CLASSIFICADA,100.23,58.82,40.18,06GA0028,COMPANHIA ENERGETICA DE PERNAMBUCO,10835932000108,INTERNA,NAO PROGRAMADA,NAO CLASSIFICADA,,NAO PROGRAMADA,RECLAMACAO_OU_INFORMACAO,PE
19841463,18813919,14179,2611804,2025-11-06 08:59:38,2025-11-06 10:18:32,INFORMAÇÃO OU RECLAMAÇÃO DO CONSUMIDOR OU DE TERCE,INTERNA;NAO PROGRAMADA;TERCEIROS;DEFEITO INTERNO NAO AFETANDO OUTRAS UNIDADES CONSU,42.37,11.38,25.15,06RB3545,COMPANHIA ENERGETICA DE PERNAMBUCO,10835932000108,INTERNA,NAO PROGRAMADA,TERCEIROS,DEFEITO INTERNO NAO AFETANDO OUTRAS UNIDADES CONSU,NAO PROGRAMADA,RECLAMACAO_OU_INFORMACAO,PE
19841467,S/I,16151,2616209,2025-11-06 08:59:55,2025-11-07 09:31:34,INFORMAÇÃO OU RECLAMAÇÃO DO CONSUMIDOR OU DE TERCE,INTERNA;NAO PROGRAMADA;PROPRIAS DO SISTEMA;SUBTENSAO,1434.43,22.45,14.77,06SR5769,COMPANHIA ENERGETICA DE PERNAMBUCO,10835932000108,INTERNA,NAO PROGRAMADA,PROPRIAS DO SISTEMA,SUBTENSAO,NAO PROGRAMADA,RECLAMACAO_OU_INFORMACAO,PE
19843146,S/I,14184,2611101,2025-11-06 22:31:48,2025-11-07 07:53:44,INFORMAÇÃO OU RECLAMAÇÃO DO CONSUMIDOR OU DE TERCE,INTERNA;NAO PROGRAMADA;NAO CLASSIFICADA,426.52,14.0,121.42,22PTL5855,COMPANHIA ENERGETICA DE PERNAMBUCO,10835932000108,INTERNA,NAO PROGRAMADA,NAO CLASSIFICADA,,NAO PROGRAMADA,RECLAMACAO_OU_INFORMACAO,PE
19845218,18812555,16181,2610905,2025-11-07 19:06:36,2025-11-09 16:05:37,INFORMAÇÃO OU RECLAMAÇÃO DO CONSUMIDOR OU DE TERCE,INTERNA;NAO PROGRAMADA;MEIO AMBIENTE;ANIMAIS,1272.23,3.33,1423.45,14AC5832,COMPANHIA ENERGETICA DE PERNAMBUCO,10835932000108,INTERNA,NAO PROGRAMADA,MEIO AMBIENTE,ANIMAIS,NAO PROGRAMADA,RECLAMACAO_OU_INFORMACAO,PE
19849182,18816396,14229,2613701,2025-11-10 10:40:03,2025-11-10 13:06:59,INFORMAÇÃO OU RECLAMAÇÃO DO CONSUMIDOR OU DE TERCE,INTERNA;NAO PROGRAMADA;PROPRIAS DO SISTEMA;FALHA DE MATERIAL OU EQUIPAMENTO,88.05,27.98,30.9,07CG5759,COMPANHIA ENERGETICA DE PERNAMBUCO,10835932000108,INTERNA,NAO PROGRAMADA,PROPRIAS DO SISTEMA,FALHA DE MATERIAL OU EQUIPAMENTO,NAO PROGRAMADA,RECLAMACAO_OU_INFORMACAO,PE
19852945,S/I,14179,2605905,2025-11-12 11:49:57,2025-11-12 19:24:56,INFORMAÇÃO OU RECLAMAÇÃO DO CONSUMIDOR OU DE TERCE,INTERNA;NAO PROGRAMADA;PROPRIAS DO SISTEMA;SOBRECARGA,398.07,40.18,16.73,14RB3735,COMPANHIA ENERGETICA DE PERNAMBUCO,10835932000108,INTERNA,NAO PROGRAMADA,PROPRIAS DO SISTEMA,SOBRECARGA,NAO PROGRAMADA,RECLAMACAO_OU_INFORMACAO,PE
19854790,18820802,16177,2611507,2025-11-13 13:06:34,2025-11-13 17:31:34,INFORMAÇÃO OU RECLAMAÇÃO DO CONSUMIDOR OU DE TERCE,INTERNA;NAO PROGRAMADA;MEIO AMBIENTE;DESCARGA ATMOSFERICA,172.7,18.35,73.95,12GA5766,COMPANHIA ENERGETICA DE PERNAMBUCO,10835932000108,INTERNA,NAO PROGRAMADA,MEIO AMBIENTE,DESCARGA ATMOSFERICA,NAO PROGRAMADA,RECLAMACAO_OU_INFORMACAO,PE
19855877,S/I,14153,2600054,2025-11-13 19:52:23,2025-11-15 09:22:05,INFORMAÇÃO OU RECLAMAÇÃO DO CONSUMIDOR OU DE TERCE,INTERNA;NAO PROGRAMADA;NAO CLASSIFICADA,790.0,18.0,1441.7,06PL3306,COMPANHIA ENERGETICA DE PERNAMBUCO,10835932000108,INTERNA,NAO PROGRAMADA,NAO CLASSIFICADA,,NAO PROGRAMADA,RECLAMACAO_OU_INFORMACAO,PE
19857484,18823506,15662,2616407,2025-11-14 15:40:25,2025-11-14 21:22:16,INFORMAÇÃO OU RECLAMAÇÃO DO CONSUMIDOR OU DE TERCE,INTERNA;NAO PROGRAMADA;MEIO AMBIENTE;QUEIMADA OU INCENDIO,184.88,41.08,115.88,14VT0004,COMPANHIA ENERGETICA DE PERNAMBUCO,10835932000108,INTERNA,NAO PROGRAMADA,MEIO AMBIENTE,QUEIMADA OU INCENDIO,NAO PROGRAMADA,RECLAMACAO_OU_INFORMACAO,PE
19863098,18829943,14141,2603207,2025-11-18 12:15:07,2025-11-18 15:16:50,INFORMAÇÃO OU RECLAMAÇÃO DO CONSUMIDOR OU DE TERCE,INTERNA;NAO PROGRAMADA;NAO CLASSIFICADA,11.97,20.0,149.75,12GA5842,COMPANHIA ENERGETICA DE PERNAMBUCO,10835932000108,INTERNA,NAO PROGRAMADA,NAO CLASSIFICADA,,NAO PROGRAMADA,RECLAMACAO_OU_INFORMACAO,PE
19865523,S/I,15662,2616407,2025-11-19 12:40:42,2025-11-19 18:05:15,INFORMAÇÃO OU RECLAMAÇÃO DO CONSUMIDOR OU DE TERCE,INTERNA;NAO PROGRAMADA;NAO CLASSIFICADA,239.92,64.32,20.32,14VT0004,COMPANHIA ENERGETICA DE PERNAMBUCO,10835932000108,INTERNA,NAO PROGRAMADA,NAO CLASSIFICADA,,NAO PROGRAMADA,RECLAMACAO_OU_INFORMACAO,PE
19865616,18832226,16179,2602803,2025-11-19 13:14:44,2025-11-19 16:53:15,INFORMAÇÃO OU RECLAMAÇÃO DO CONSUMIDOR OU DE TERCE,INTERNA;NAO PROGRAMADA;MEIO AMBIENTE;VENTO,112.68,41.0,64.83,14AC5834,COMPANHIA ENERGETICA DE PERNAMBUCO,10835932000108,INTERNA,NAO PROGRAMADA,MEIO AMBIENTE,VENTO,NAO PROGRAMADA,RECLAMACAO_OU_INFORMACAO,PE
19867153,S/I,14179,2611804,2025-11-20 05:29:10,2025-11-20 08:24:15,INFORMAÇÃO OU RECLAMAÇÃO DO CONSUMIDOR OU DE TERCE,INTERNA;NAO PROGRAMADA;NAO CLASSIFICADA,145.17,18.32,11.6,06RB3545,COMPANHIA ENERGETICA DE PERNAMBUCO,10835932000108,INTERNA,NAO PROGRAMADA,NAO CLASSIFICADA,,NAO PROGRAMADA,RECLAMACAO_OU_INFORMACAO,PE
19868374,S/I,14204,2611606,2025-11-20 12:54:37,2025-11-21 05:39:31,INFORMAÇÃO OU RECLAMAÇÃO DO CONSUMIDOR OU DE TERCE,INTERNA;NAO PROGRAMADA;NAO CLASSIFICADA,994.73,7.95,2.22,22BV0012,COMPANHIA ENERGETICA DE PERNAMBUCO,10835932000108,INTERNA,NAO PROGRAMADA,NAO CLASSIFICADA,,NAO PROGRAMADA,RECLAMACAO_OU_INFORMACAO,PE
19869529,S/I,14201,2611101,2025-11-21 03:37:15,2025-11-21 05:14:11,INFORMAÇÃO OU RECLAMAÇÃO DO CONSUMIDOR OU DE TERCE,INTERNA;NAO PROGRAMADA;MEIO AMBIENTE;QUEIMADA OU INCENDIO,6.67,6.08,84.18,22PTL5855,COMPANHIA ENERGETICA DE PERNAMBUCO,10835932000108,INTERNA,NAO PROGRAMADA,MEIO AMBIENTE,QUEIMADA OU INCENDIO,NAO PROGRAMADA,RECLAMACAO_OU_INFORMACAO,PE
19870237,18842344,14190,2609600,2025-11-21 09:53:56,2025-11-21 11:56:20,INFORMAÇÃO OU RECLAMAÇÃO DO CONSUMIDOR OU DE TERCE,INTERNA;NAO PROGRAMADA;PROPRIAS DO SISTEMA;FALHA DE MATERIAL OU EQUIPAMENTO,73.7,44.48,4.22,CONCF4B4608,COMPANHIA ENERGETICA DE PERNAMBUCO,10835932000108,INTERNA,NAO PROGRAMADA,PROPRIAS DO SISTEMA,FALHA DE MATERIAL OU EQUIPAMENTO,NAO PROGRAMADA,RECLAMACAO_OU_INFORMACAO,PE
19871365,S/I,14229,2611606,2025-11-21 17:41:34,2025-11-22 19:33:58,INFORMAÇÃO OU RECLAMAÇÃO DO CONSUMIDOR OU DE TERCE,INTERNA;NAO PROGRAMADA;NAO CLASSIFICADA,878.62,15.7,658.08,08CF0029,COMPANHIA ENERGETICA DE PERNAMBUCO,10835932000108,INTERNA,NAO PROGRAMADA,NAO CLASSIFICADA,,NAO PROGRAMADA,RECLAMACAO_OU_INFORMACAO,PE
19873041,18841759,14162,2605400,2025-11-22 14:17:18,2025-11-24 10:01:48,INFORMAÇÃO OU RECLAMAÇÃO DO CONSUMIDOR OU DE TERCE,INTERNA;NAO PROGRAMADA;MEIO AMBIENTE;QUEIMADA OU INCENDIO,2431.7,84.22,108.58,06VT0006,COMPANHIA ENERGETICA DE PERNAMBUCO,10835932000108,INTERNA,NAO PROGRAMADA,MEIO AMBIENTE,QUEIMADA OU INCENDIO,NAO PROGRAMADA,RECLAMACAO_OU_INFORMACAO,PE
19881687,18850773,14143,2603504,2025-11-27 10:14:32,2025-11-28 17:44:31,INFORMAÇÃO OU RECLAMAÇÃO DO CONSUMIDOR OU DE TERCE,INTERNA;NAO PROGRAMADA;MEIO AMBIENTE;ARVORE OU VEGETACAO,43.65,20.28,1826.05,STCPMR2PL014,COMPANHIA ENERGETICA DE PERNAMBUCO,10835932000108,INTERNA,NAO PROGRAMADA,MEIO AMBIENTE,ARVORE OU VEGETACAO,NAO PROGRAMADA,RECLAMACAO_OU_INFORMACAO,PE
19881925,18849846,14188,2604007,2025-11-27 11:46:28,2025-11-27 16:11:37,INFORMAÇÃO OU RECLAMAÇÃO DO CONSUMIDOR OU DE TERCE,INTERNA;NAO PROGRAMADA;MEIO AMBIENTE;ARVORE OU VEGETACAO,220.8,25.13,19.22,08CP3492,COMPANHIA ENERGETICA DE PERNAMBUCO,10835932000108,INTERNA,NAO PROGRAMADA,MEIO AMBIENTE,ARVORE OU VEGETACAO,NAO PROGRAMADA,RECLAMACAO_OU_INFORMACAO,PE
19883325,18851008,14229,2603454,2025-11-28 08:43:43,2025-11-28 09:37:28,REGISTRO AUTOMÁTICO DO SISTEMA DE SUPERVISÃO DA DI,INTERNA;NAO PROGRAMADA;MEIO AMBIENTE;ANIMAIS,8.72,15.47,29.57,06CG3788,COMPANHIA ENERGETICA DE PERNAMBUCO,10835932000108,INTERNA,NAO PROGRAMADA,MEIO AMBIENTE,ANIMAIS,NAO PROGRAMADA,SISTEMA_SUPERVISAO_AUTOMATICO,PE
19884084,S/I,16158,2613909,2025-11-28 14:44:57,2025-11-28 17:02:33,INFORMAÇÃO OU RECLAMAÇÃO DO CONSUMIDOR OU DE TERCE,INTERNA;NAO PROGRAMADA;PROPRIAS DO SISTEMA;SUBTENSAO,95.95,25.8,15.85,STCSTD2CM401,COMPANHIA ENERGETICA DE PERNAMBUCO,10835932000108,INTERNA,NAO PROGRAMADA,PROPRIAS DO SISTEMA,SUBTENSAO,NAO PROGRAMADA,RECLAMACAO_OU_INFORMACAO,PE
19885150,S/I,16157,2611606,2025-11-29 08:40:16,2025-11-29 10:48:03,INFORMAÇÃO OU RECLAMAÇÃO DO CONSUMIDOR OU DE TERCE,INTERNA;NAO PROGRAMADA;MEIO AMBIENTE;QUEIMADA OU INCENDIO,70.65,12.33,44.8,08CF0029,COMPANHIA ENERGETICA DE PERNAMBUCO,10835932000108,INTERNA,NAO PROGRAMADA,MEIO AMBIENTE,QUEIMADA OU INCENDIO,NAO PROGRAMADA,RECLAMACAO_OU_INFORMACAO,PE
19888410,18857633,14144,2604106,2025-12-01 11:41:43,2025-12-01 20:00:00,REGISTRO AUTOMÁTICO DO SISTEMA DE SUPERVISÃO DA DI,INTERNA;NAO PROGRAMADA;TERCEIROS;INTERFERENCIA DE TERCEIROS,51.85,12.63,433.8,STCCRR2CR01R,COMPANHIA ENERGETICA DE PERNAMBUCO,10835932000108,INTERNA,NAO PROGRAMADA,TERCEIROS,INTERFERENCIA DE TERCEIROS,NAO PROGRAMADA,SISTEMA_SUPERVISAO_AUTOMATICO,PE
19889608,18859516,14144,2604106,2025-12-02 06:45:45,2025-12-02 11:53:08,INFORMAÇÃO OU RECLAMAÇÃO DO CONSUMIDOR OU DE TERCE,INTERNA;NAO PROGRAMADA;MEIO AMBIENTE;ANIMAIS,149.23,21.83,136.32,06CR0152,COMPANHIA ENERGETICA DE PERNAMBUCO,10835932000108,INTERNA,NAO PROGRAMADA,MEIO AMBIENTE,ANIMAIS,NAO PROGRAMADA,RECLAMACAO_OU_INFORMACAO,PE
19889786,S/I,16170,2611606,2025-12-02 08:36:28,2025-12-02 17:31:39,INFORMAÇÃO OU RECLAMAÇÃO DO CONSUMIDOR OU DE TERCE,INTERNA;NAO PROGRAMADA;PROPRIAS DO SISTEMA;SUBTENSAO,474.27,18.28,42.63,STCBVG2B4403,COMPANHIA ENERGETICA DE PERNAMBUCO,10835932000108,INTERNA,NAO PROGRAMADA,PROPRIAS DO SISTEMA,SUBTENSAO,NAO PROGRAMADA,RECLAMACAO_OU_INFORMACAO,PE
19891103,S/I,14143,2601300,2025-12-02 18:35:51,2025-12-02 21:10:39,INFORMAÇÃO OU RECLAMAÇÃO DO CONSUMIDOR OU DE TERCE,INTERNA;NAO PROGRAMADA;PROPRIAS DO SISTEMA;SUBTENSAO,103.82,18.5,32.48,16PM0068,COMPANHIA ENERGETICA DE PERNAMBUCO,10835932000108,INTERNA,NAO PROGRAMADA,PROPRIAS DO SISTEMA,SUBTENSAO,NAO PROGRAMADA,RECLAMACAO_OU_INFORMACAO,PE
19892037,18880598,14195,2600054,2025-12-03 09:46:10,2025-12-03 16:58:57,INFORMAÇÃO OU RECLAMAÇÃO DO CONSUMIDOR OU DE TERCE,INTERNA;NAO PROGRAMADA;PROPRIAS DO SISTEMA;FALHA DE MATERIAL OU EQUIPAMENTO,403.88,22.8,6.1,15PL3567,COMPANHIA ENERGETICA DE PERNAMBUCO,10835932000108,INTERNA,NAO PROGRAMADA,PROPRIAS DO SISTEMA,FALHA DE MATERIAL OU EQUIPAMENTO,NAO PROGRAMADA,RECLAMACAO_OU_INFORMACAO,PE
19895124,18865987,16737,2605004,2025-12-04 15:52:30,2025-12-05 18:08:07,INFORMAÇÃO OU RECLAMAÇÃO DO CONSUMIDOR OU DE TERCE,INTERNA;NAO PROGRAMADA;TERCEIROS;INTERFERENCIA DE TERCEIROS,1118.73,61.27,395.62,06BJ3523,COMPANHIA ENERGETICA DE PERNAMBUCO,10835932000108,INTERNA,NAO PROGRAMADA,TERCEIROS,INTERFERENCIA DE TERCEIROS,NAO PROGRAMADA,RECLAMACAO_OU_INFORMACAO,PE
19896646,S/I,16149,2613503,2025-12-05 10:45:25,2025-12-05 13:12:57,INFORMAÇÃO OU RECLAMAÇÃO DO CONSUMIDOR OU DE TERCE,INTERNA;NAO PROGRAMADA;TERCEIROS;INTERFERENCIA DE TERCEIROS,67.85,41.22,38.47,STCSTD2CM40A,COMPANHIA ENERGETICA DE PERNAMBUCO,10835932000108,INTERNA,NAO PROGRAMADA,TERCEIROS,INTERFERENCIA DE TERCEIROS,NAO PROGRAMADA,RECLAMACAO_OU_INFORMACAO,PE
19897023,18866473,16181,2610905,2025-12-05 14:07:58,2025-12-05 16:06:13,INFORMAÇÃO OU RECLAMAÇÃO DO CONSUMIDOR OU DE TERCE,INTERNA;NAO PROGRAMADA;NAO CLASSIFICADA,20.0,56.83,41.42,14AC5832,COMPANHIA ENERGETICA DE PERNAMBUCO,10835932000108,INTERNA,NAO PROGRAMADA,NAO CLASSIFICADA,,NAO PROGRAMADA,RECLAMACAO_OU_INFORMACAO,PE
19899910,S/I,16173,2602001,2025-12-06 16:35:07,2025-12-08 10:40:47,INFORMAÇÃO OU RECLAMAÇÃO DO CONSUMIDOR OU DE TERCE,INTERNA;NAO PROGRAMADA;NAO CLASSIFICADA,2502.22,19.27,4.18,STCORC2OR00W,COMPANHIA ENERGETICA DE PERNAMBUCO,10835932000108,INTERNA,NAO PROGRAMADA,NAO CLASSIFICADA,,NAO PROGRAMADA,RECLAMACAO_OU_INFORMACAO,PE
19903079,S/I,14157,2605301,2025-12-08 14:30:20,2025-12-08 17:29:52,INFORMAÇÃO OU RECLAMAÇÃO DO CONSUMIDOR OU DE TERCE,INTERNA;NAO PROGRAMADA;NAO CLASSIFICADA,20.5,142.23,16.8,14ORC5764,COMPANHIA ENERGETICA DE PERNAMBUCO,10835932000108,INTERNA,NAO PROGRAMADA,NAO CLASSIFICADA,,NAO PROGRAMADA,RECLAMACAO_OU_INFORMACAO,PE
19903670,18907721,14206,2607901,2025-12-08 20:16:43,2025-12-08 22:04:06,REGISTRO AUTOMÁTICO DO SISTEMA DE SUPERVISÃO DA DI,INTERNA;NAO PROGRAMADA;PROPRIAS DO SISTEMA;NAO IDENTIFICADA,10.23,40.58,56.57,16PD0021,COMPANHIA ENERGETICA DE PERNAMBUCO,10835932000108,INTERNA,NAO PROGRAMADA,PROPRIAS DO SISTEMA,NAO IDENTIFICADA,NAO PROGRAMADA,SISTEMA_SUPERVISAO_AUTOMATICO,PE
19903756,S/I,14139,2602902,2025-12-08 21:34:04,2025-12-09 05:45:31,INFORMAÇÃO OU RECLAMAÇÃO DO CONSUMIDOR OU DE TERCE,INTERNA;NAO PROGRAMADA;NAO CLASSIFICADA,435.03,39.15,17.27,22CB0103,COMPANHIA ENERGETICA DE PERNAMBUCO,10835932000108,INTERNA,NAO PROGRAMADA,NAO CLASSIFICADA,,NAO PROGRAMADA,RECLAMACAO_OU_INFORMACAO,PE
19904222,S/I,15662,2616407,2025-12-09 08:52:12,2025-12-09 13:30:00,INFORMAÇÃO OU RECLAMAÇÃO DO CONSUMIDOR OU DE TERCE,INTERNA;NAO PROGRAMADA;PROPRIAS DO SISTEMA;FALHA DE MATERIAL OU EQUIPAMENTO,4.23,53.57,220.0,DINLV01,COMPANHIA ENERGETICA DE PERNAMBUCO,10835932000108,INTERNA,NAO PROGRAMADA,PROPRIAS DO SISTEMA,FALHA DE MATERIAL OU EQUIPAMENTO,NAO PROGRAMADA,RECLAMACAO_OU_INFORMACAO,PE
19904586,S/I,14206,2607901,2025-12-09 11:02:47,2025-12-09 20:40:31,INFORMAÇÃO OU RECLAMAÇÃO DO CONSUMIDOR OU DE TERCE,INTERNA;NAO PROGRAMADA;PROPRIAS DO SISTEMA;SUBTENSAO,286.82,22.05,268.87,STCPDD2BQ40J,COMPANHIA ENERGETICA DE PERNAMBUCO,10835932000108,INTERNA,NAO PROGRAMADA,PROPRIAS DO SISTEMA,SUBTENSAO,NAO PROGRAMADA,RECLAMACAO_OU_INFORMACAO,PE
19905404,18879865,16737,2605004,2025-12-09 16:38:03,2025-12-11 11:14:38,INFORMAÇÃO OU RECLAMAÇÃO DO CONSUMIDOR OU DE TERCE,INTERNA;NAO PROGRAMADA;TERCEIROS;DEFEITO INTERNO NAO AFETANDO OUTRAS UNIDADES CONSU,2455.97,62.77,37.85,08BJ3519,COMPANHIA ENERGETICA DE PERNAMBUCO,10835932000108,INTERNA,NAO PROGRAMADA,TERCEIROS,DEFEITO INTERNO NAO AFETANDO OUTRAS UNIDADES CONSU,NAO PROGRAMADA,RECLAMACAO_OU_INFORMACAO,PE
19907108,S/I,16737,2610202,2025-12-10 15:00:10,2025-12-10 20:35:22,INFORMAÇÃO OU RECLAMAÇÃO DO CONSUMIDOR OU DE TERCE,INTERNA;NAO PROGRAMADA;TERCEIROS;INTERFERENCIA DE TERCEIROS,302.18,29.4,3.62,14BJ0041,COMPANHIA ENERGETICA DE PERNAMBUCO,10835932000108,INTERNA,NAO PROGRAMADA,TERCEIROS,INTERFERENCIA DE TERCEIROS,NAO PROGRAMADA,RECLAMACAO_OU_INFORMACAO,PE
19907288,S/I,16157,2611606,2025-12-10 16:26:04,2025-12-10 20:33:53,INFORMAÇÃO OU RECLAMAÇÃO DO CONSUMIDOR OU DE TERCE,INTERNA;NAO PROGRAMADA;NAO CLASSIFICADA,225.05,12.83,9.93,16BI0005,COMPANHIA ENERGETICA DE PERNAMBUCO,10835932000108,INTERNA,NAO PROGRAMADA,NAO CLASSIFICADA,,NAO PROGRAMADA,RECLAMACAO_OU_INFORMACAO,PE
19907699,18877082,14139,2602902,2025-12-10 21:33:13,2025-12-10 23:53:39,INFORMAÇÃO OU RECLAMAÇÃO DO CONSUMIDOR OU DE TERCE,INTERNA;NAO PROGRAMADA;PROPRIAS DO SISTEMA;FALHA DE MATERIAL OU EQUIPAMENTO,80.65,15.47,44.32,22CB0103,COMPANHIA ENERGETICA DE PERNAMBUCO,10835932000108,INTERNA,NAO PROGRAMADA,PROPRIAS DO SISTEMA,FALHA DE MATERIAL OU EQUIPAMENTO,NAO PROGRAMADA,RECLAMACAO_OU_INFORMACAO,PE
19909166,S/I,16167,2612208,2025-12-11 17:16:03,2025-12-11 21:43:18,INFORMAÇÃO OU RECLAMAÇÃO DO CONSUMIDOR OU DE TERCE,INTERNA;NAO PROGRAMADA;NAO CLASSIFICADA,236.32,17.23,13.7,14SRT5787,COMPANHIA ENERGETICA DE PERNAMBUCO,10835932000108,INTERNA,NAO PROGRAMADA,NAO CLASSIFICADA,,NAO PROGRAMADA,RECLAMACAO_OU_INFORMACAO,PE
19909689,18879541,16158,2613909,2025-12-11 21:32:28,2025-12-12 04:10:46,INFORMAÇÃO OU RECLAMAÇÃO DO CONSUMIDOR OU DE TERCE,INTERNA;NAO PROGRAMADA;PROPRIAS DO SISTEMA;FALHA DE MATERIAL OU EQUIPAMENTO,338.78,30.82,28.7,22SRT9935,COMPANHIA ENERGETICA DE PERNAMBUCO,10835932000108,INTERNA,NAO PROGRAMADA,PROPRIAS DO SISTEMA,FALHA DE MATERIAL OU EQUIPAMENTO,NAO PROGRAMADA,RECLAMACAO_OU_INFORMACAO,PE
19910024,S/I,14214,2611606,2025-12-12 07:35:09,2025-12-12 08:45:43,INFORMAÇÃO OU RECLAMAÇÃO DO CONSUMIDOR OU DE TERCE,INTERNA;NAO PROGRAMADA;NAO CLASSIFICADA,48.88,13.83,7.85,06BV0011,COMPANHIA ENERGETICA DE PERNAMBUCO,10835932000108,INTERNA,NAO PROGRAMADA,NAO CLASSIFICADA,,NAO PROGRAMADA,RECLAMACAO_OU_INFORMACAO,PE
19911112,S/I,16152,2606408,2025-12-12 15:55:36,2025-12-12 17:20:18,INFORMAÇÃO OU RECLAMAÇÃO DO CONSUMIDOR OU DE TERCE,INTERNA;NAO PROGRAMADA;MEIO AMBIENTE;ARVORE OU VEGETACAO,8.17,25.7,50.83,14VT0011,COMPANHIA ENERGETICA DE PERNAMBUCO,10835932000108,INTERNA,NAO PROGRAMADA,MEIO AMBIENTE,ARVORE OU VEGETACAO,NAO PROGRAMADA,RECLAMACAO_OU_INFORMACAO,PE
19914714,18886154,16743,2611606,2025-12-15 07:37:20,2025-12-15 15:28:19,INFORMAÇÃO OU RECLAMAÇÃO DO CONSUMIDOR OU DE TERCE,INTERNA;NAO PROGRAMADA;TERCEIROS;INTERFERENCIA DE TERCEIROS,391.77,51.07,28.15,CONCF4B4606,COMPANHIA ENERGETICA DE PERNAMBUCO,10835932000108,INTERNA,NAO PROGRAMADA,TERCEIROS,INTERFERENCIA DE TERCEIROS,NAO PROGRAMADA,RECLAMACAO_OU_INFORMACAO,PE
19916890,18888358,14216,2612505,2025-12-16 09:43:28,2025-12-16 11:08:52,INFORMAÇÃO OU RECLAMAÇÃO DO CONSUMIDOR OU DE TERCE,INTERNA;NAO PROGRAMADA;PROPRIAS DO SISTEMA;SOBRECARGA,46.8,15.38,23.22,08SC3653,COMPANHIA ENERGETICA DE PERNAMBUCO,10835932000108,INTERNA,NAO PROGRAMADA,PROPRIAS DO SISTEMA,SOBRECARGA,NAO PROGRAMADA,RECLAMACAO_OU_INFORMACAO,PE
19919519,18899797,14142,2603454,2025-12-17 16:41:51,2025-12-17 19:34:06,INFORMAÇÃO OU RECLAMAÇÃO DO CONSUMIDOR OU DE TERCE,INTERNA;NAO PROGRAMADA;MEIO AMBIENTE;QUEIMADA OU INCENDIO,49.8,78.92,43.53,14CG3497,COMPANHIA ENERGETICA DE PERNAMBUCO,10835932000108,INTERNA,NAO PROGRAMADA,MEIO AMBIENTE,QUEIMADA OU INCENDIO,NAO PROGRAMADA,RECLAMACAO_OU_INFORMACAO,PE
19920542,18892760,16734,2611101,2025-12-18 10:06:21,2025-12-18 15:30:56,INFORMAÇÃO OU RECLAMAÇÃO DO CONSUMIDOR OU DE TERCE,INTERNA;NAO PROGRAMADA;PROPRIAS DO SISTEMA;FALHA DE MATERIAL OU EQUIPAMENTO,239.35,59.07,26.17,14PTL5776,COMPANHIA ENERGETICA DE PERNAMBUCO,10835932000108,INTERNA,NAO PROGRAMADA,PROPRIAS DO SISTEMA,FALHA DE MATERIAL OU EQUIPAMENTO,NAO PROGRAMADA,RECLAMACAO_OU_INFORMACAO,PE
19921054,18893054,16178,2608800,2025-12-18 13:33:35,2025-12-18 18:38:39,INFORMAÇÃO OU RECLAMAÇÃO DO CONSUMIDOR OU DE TERCE,INTERNA;NAO PROGRAMADA;PROPRIAS DO SISTEMA;FALHA DE MATERIAL OU EQUIPAMENTO,196.38,14.27,94.42,12GA5766,COMPANHIA ENERGETICA DE PERNAMBUCO,10835932000108,INTERNA,NAO PROGRAMADA,PROPRIAS DO SISTEMA,FALHA DE MATERIAL OU EQUIPAMENTO,NAO PROGRAMADA,RECLAMACAO_OU_INFORMACAO,PE
19922039,18895987,15661,2616407,2025-12-19 05:18:10,2025-12-19 11:07:53,INFORMAÇÃO OU RECLAMAÇÃO DO CONSUMIDOR OU DE TERCE,INTERNA;NAO PROGRAMADA;TERCEIROS;OBJETO NA REDE,267.4,37.88,44.43,06VT0006,COMPANHIA ENERGETICA DE PERNAMBUCO,10835932000108,INTERNA,NAO PROGRAMADA,TERCEIROS,OBJETO NA REDE,NAO PROGRAMADA,RECLAMACAO_OU_INFORMACAO,PE
19922360,S/I,14228,2614501,2025-12-19 09:09:25,2025-12-19 11:45:37,INFORMAÇÃO OU RECLAMAÇÃO DO CONSUMIDOR OU DE TERCE,INTERNA;NAO PROGRAMADA;NAO CLASSIFICADA,136.05,19.3,0.85,06SR5769,COMPANHIA ENERGETICA DE PERNAMBUCO,10835932000108,INTERNA,NAO PROGRAMADA,NAO CLASSIFICADA,,NAO PROGRAMADA,RECLAMACAO_OU_INFORMACAO,PE
19926644,18900818,14123,2601409,2025-12-22 07:08:30,2025-12-22 19:34:13,INFORMAÇÃO OU RECLAMAÇÃO DO CONSUMIDOR OU DE TERCE,INTERNA;NAO PROGRAMADA;MEIO AMBIENTE;QUEIMADA OU INCENDIO,282.45,34.5,428.77,08RB3565,COMPANHIA ENERGETICA DE PERNAMBUCO,10835932000108,INTERNA,NAO PROGRAMADA,MEIO AMBIENTE,QUEIMADA OU INCENDIO,NAO PROGRAMADA,RECLAMACAO_OU_INFORMACAO,PE
19928475,18903672,14218,2609600,2025-12-23 01:56:19,2025-12-23 21:33:45,INFORMAÇÃO OU RECLAMAÇÃO DO CONSUMIDOR OU DE TERCE,INTERNA;NAO PROGRAMADA;PROPRIAS DO SISTEMA;FALHA DE MATERIAL OU EQUIPAMENTO,1075.35,27.58,74.5,16OL3785,COMPANHIA ENERGETICA DE PERNAMBUCO,10835932000108,INTERNA,NAO PROGRAMADA,PROPRIAS DO SISTEMA,FALHA DE MATERIAL OU EQUIPAMENTO,NAO PROGRAMADA,RECLAMACAO_OU_INFORMACAO,PE
19928936,S/I,14197,2604908,2025-12-23 06:32:15,2025-12-23 13:11:57,INFORMAÇÃO OU RECLAMAÇÃO DO CONSUMIDOR OU DE TERCE,INTERNA;NAO PROGRAMADA;PROPRIAS DO SISTEMA;SOBRECARGA,344.65,54.03,1.02,08SR3545,COMPANHIA ENERGETICA DE PERNAMBUCO,10835932000108,INTERNA,NAO PROGRAMADA,PROPRIAS DO SISTEMA,SOBRECARGA,NAO PROGRAMADA,RECLAMACAO_OU_INFORMACAO,PE
19932403,S/I,14179,2611804,2025-12-24 10:41:09,2025-12-24 13:58:27,INFORMAÇÃO OU RECLAMAÇÃO DO CONSUMIDOR OU DE TERCE,INTERNA;NAO PROGRAMADA;NAO CLASSIFICADA,112.18,48.48,36.63,06RB3545,COMPANHIA ENERGETICA DE PERNAMBUCO,10835932000108,INTERNA,NAO PROGRAMADA,NAO CLASSIFICADA,,NAO PROGRAMADA,RECLAMACAO_OU_INFORMACAO,PE
19933448,18906016,14221,2613107,2025-12-24 21:36:25,2025-12-24 23:16:04,INFORMAÇÃO OU RECLAMAÇÃO DO CONSUMIDOR OU DE TERCE,INTERNA;NAO PROGRAMADA;PROPRIAS DO SISTEMA;FALHA DE MATERIAL OU EQUIPAMENTO,46.87,10.22,42.57,22BJ0065,COMPANHIA ENERGETICA DE PERNAMBUCO,10835932000108,INTERNA,NAO PROGRAMADA,PROPRIAS DO SISTEMA,FALHA DE MATERIAL OU EQUIPAMENTO,NAO PROGRAMADA,RECLAMACAO_OU_INFORMACAO,PE
19934083,18907062,14219,2611606,2025-12-25 11:58:00,2025-12-25 16:08:18,REGISTRO AUTOMÁTICO DO SISTEMA DE SUPERVISÃO DA DI,INTERNA;NAO PROGRAMADA;TERCEIROS;OBJETO NA REDE,242.07,3.18,5.05,08CF3199LV,COMPANHIA ENERGETICA DE PERNAMBUCO,10835932000108,INTERNA,NAO PROGRAMADA,TERCEIROS,OBJETO NA REDE,NAO PROGRAMADA,SISTEMA_SUPERVISAO_AUTOMATICO,PE
19934606,18918682,14198,2610707,2025-12-25 20:21:59,2025-12-25 21:48:36,INFORMAÇÃO OU RECLAMAÇÃO DO CONSUMIDOR OU DE TERCE,INTERNA;NAO PROGRAMADA;TERCEIROS;DEFEITO INTERNO NAO AFETANDO OUTRAS UNIDADES CONSU,40.83,16.55,29.23,14PL3305,COMPANHIA ENERGETICA DE PERNAMBUCO,10835932000108,INTERNA,NAO PROGRAMADA,TERCEIROS,DEFEITO INTERNO NAO AFETANDO OUTRAS UNIDADES CONSU,NAO PROGRAMADA,RECLAMACAO_OU_INFORMACAO,PE
19935339,S/I,14228,2614501,2025-12-26 11:09:07,2025-12-26 12:27:13,INFORMAÇÃO OU RECLAMAÇÃO DO CONSUMIDOR OU DE TERCE,INTERNA;NAO PROGRAMADA;NAO CLASSIFICADA,15.17,19.37,43.57,STCSRB2SC021,COMPANHIA ENERGETICA DE PERNAMBUCO,10835932000108,INTERNA,NAO PROGRAMADA,NAO CLASSIFICADA,,NAO PROGRAMADA,RECLAMACAO_OU_INFORMACAO,PE
19936339,S/I,16747,2600104,2025-12-26 19:01:06,2025-12-27 04:20:51,INFORMAÇÃO OU RECLAMAÇÃO DO CONSUMIDOR OU DE TERCE,INTERNA;NAO PROGRAMADA;NAO CLASSIFICADA,486.08,72.63,1.03,22AFI5737,COMPANHIA ENERGETICA DE PERNAMBUCO,10835932000108,INTERNA,NAO PROGRAMADA,NAO CLASSIFICADA,,NAO PROGRAMADA,RECLAMACAO_OU_INFORMACAO,PE
19937014,18910947,14127,2601904,2025-12-27 09:21:25,2025-12-27 12:05:58,INFORMAÇÃO OU RECLAMAÇÃO DO CONSUMIDOR OU DE TERCE,INTERNA;NAO PROGRAMADA;MEIO AMBIENTE;DESCARGA ATMOSFERICA,47.63,87.97,28.95,08PM3785,COMPANHIA ENERGETICA DE PERNAMBUCO,10835932000108,INTERNA,NAO PROGRAMADA,MEIO AMBIENTE,DESCARGA ATMOSFERICA,NAO PROGRAMADA,RECLAMACAO_OU_INFORMACAO,PE
19938654,18912893,16735,2612604,2025-12-28 13:15:23,2025-12-28 15:49:48,INFORMAÇÃO OU RECLAMAÇÃO DO CONSUMIDOR OU DE TERCE,INTERNA;NAO PROGRAMADA;MEIO AMBIENTE;ANIMAIS,86.82,30.08,37.52,14SMV5796,COMPANHIA ENERGETICA DE PERNAMBUCO,10835932000108,INTERNA,NAO PROGRAMADA,MEIO AMBIENTE,ANIMAIS,NAO PROGRAMADA,RECLAMACAO_OU_INFORMACAO,PE
19939923,18918398,14148,2604106,2025-12-29 10:16:25,2025-12-29 12:08:44,INFORMAÇÃO OU RECLAMAÇÃO DO CONSUMIDOR OU DE TERCE,INTERNA;NAO PROGRAMADA;PROPRIAS DO SISTEMA;FALHA DE MATERIAL OU EQUIPAMENTO,65.97,10.78,35.57,08CR3346,COMPANHIA ENERGETICA DE PERNAMBUCO,10835932000108,INTERNA,NAO PROGRAMADA,PROPRIAS DO SISTEMA,FALHA DE MATERIAL OU EQUIPAMENTO,NAO PROGRAMADA,RECLAMACAO_OU_INFORMACAO,PE
19941957,18918384,16153,2612455,2025-12-30 08:15:22,2025-12-30 15:01:49,INFORMAÇÃO OU RECLAMAÇÃO DO CONSUMIDOR OU DE TERCE,INTERNA;NAO PROGRAMADA;MEIO AMBIENTE;VENTO,322.85,57.67,25.93,OOOR0132PD,COMPANHIA ENERGETICA DE PERNAMBUCO,10835932000108,INTERNA,NAO PROGRAMADA,MEIO AMBIENTE,VENTO,NAO PROGRAMADA,RECLAMACAO_OU_INFORMACAO,PE
19943186,18919118,14221,2613107,2025-12-30 18:07:36,2025-12-30 19:43:17,INFORMAÇÃO OU RECLAMAÇÃO DO CONSUMIDOR OU DE TERCE,INTERNA;NAO PROGRAMADA;PROPRIAS DO SISTEMA;FALHA DE MATERIAL OU EQUIPAMENTO,82.05,7.25,6.38,14BJ0034,COMPANHIA ENERGETICA DE PERNAMBUCO,10835932000108,INTERNA,NAO PROGRAMADA,PROPRIAS DO SISTEMA,FALHA DE MATERIAL OU EQUIPAMENTO,NAO PROGRAMADA,RECLAMACAO_OU_INFORMACAO,PE
19945183,18935213,15661,2602902,2025-12-31 20:30:02,2026-01-01 03:12:43,INFORMAÇÃO OU RECLAMAÇÃO DO CONSUMIDOR OU DE TERCE,INTERNA;NAO PROGRAMADA;TERCEIROS;DEFEITO INTERNO NAO AFETANDO OUTRAS UNIDADES CONSU,370.33,20.55,11.8,22CB3562,COMPANHIA ENERGETICA DE PERNAMBUCO,10835932000108,INTERNA,NAO PROGRAMADA,TERCEIROS,DEFEITO INTERNO NAO AFETANDO OUTRAS UNIDADES CONSU,NAO PROGRAMADA,RECLAMACAO_OU_INFORMACAO,PE
